,dz_gb,dz_gb_timemean_below2000m,dz_gb_timemean_below500m,N2_glob,zs_sig0,zs_sig1,zs_sig2,zs_sig3,zs_sig4,SSD_mean,SST_mean,SSS_mean,OBC,OHC,OSC
1992-01-16 18:00:00,0.6811033839424999,0.6818757706167212,0.6827929662144144,7.183756189545928e-06,0.5158986629404587,0.6047927421662889,0.6911695082983018,0.774648219030151,0.8549212515684248,24.373688948280613,18.38715,34.728676,1.3185064995487338e+19,-3.5894531e+19,-3.7621165e+17
1992-02-15 12:00:00,0.6813566028732573,0.6821173586096599,0.6830396971471414,7.2626034625052185e-06,0.5160865015194066,0.6050237743138748,0.6914425319221472,0.7749618672698589,0.8552740303868251,24.347417974962166,18.504383,34.740566,1.3185065597469807e+19,-3.58897e+19,-3.76046e+17
1992-03-16 12:00:00,0.6818504467285181,0.6826003759394397,0.683523824142128,7.249197357633017e-06,0.5165465728226131,0.6055010073080376,0.6919364345198611,0.7754719200653629,0.8557997200329062,24.353764273620683,18.455963,34.75195,1.3185068110875929e+19,-3.5885733e+19,-3.75917e+17
1992-04-16 00:00:00,0.6825617670438877,0.6833017036692133,0.6842435221026544,7.253889044911426e-06,0.5172406431251628,0.6061985024039482,0.6926372230506296,0.7761759180833285,0.856506924138029,24.35013246786215,18.388754,34.750633,1.3185072229439015e+19,-3.588185e+19,-3.7585386e+17
1992-05-16 12:00:00,0.6820518841681333,0.682781861640633,0.6837390815324224,7.174692842855786e-06,0.5168122051112382,0.6057135286460968,0.6920973058475914,0.7755828826275065,0.8558627766490363,24.378981590642024,18.256243,34.747643,1.3185069606650583e+19,-3.588852e+19,-3.7587214e+17
1992-06-16 00:00:00,0.6805067669003607,0.68122652599095,0.6821944185610193,7.0900094679493245e-06,0.5154410708624763,0.6042304110852961,0.6905053898527768,0.7738857653530351,0.8540643406587578,24.40939415390683,18.17119,34.74196,1.3185061259348271e+19,-3.590474e+19,-3.759769e+17
1992-07-16 12:00:00,0.6788136117370638,0.6795228506621166,0.6804743438704686,7.086770527407988e-06,0.5139725028561337,0.6026163992214337,0.6887500672431263,0.7719938108702238,0.8520408236827682,24.407686375114842,18.137287,34.715714,1.318505219267071e+19,-3.5924623e+19,-3.761809e+17
1992-08-16 12:00:00,0.6777680493680831,0.6784690319499644,0.6794024396287274,7.139690895114057e-06,0.5131118252763309,0.601633298492902,0.6876480166206039,0.7707767770102758,0.8507131523227155,24.38207977456718,18.162054,34.689354,1.3185046754188046e+19,-3.593929e+19,-3.7632974e+17
1992-09-16 00:00:00,0.6778294446760567,0.6785232666094028,0.6794774294366835,7.10073823578483e-06,0.5132299095702869,0.6017129341146238,0.6876902809807278,0.7707829305418652,0.8506846189171132,24.393981217152007,18.098825,34.691174,1.3185047284657918e+19,-3.5942162e+19,-3.763696e+17
1992-10-16 12:00:00,0.6783523023916472,0.6790393956576647,0.680005597620132,6.99687005154001e-06,0.5137059355022252,0.6022181703529336,0.6882238873827673,0.7713439605260389,0.8512720571162806,24.435534917053367,17.940964,34.703323,1.3185050180740321e+19,-3.5937137e+19,-3.7634417e+17
1992-11-16 00:00:00,0.6787294360654749,0.6794092495734407,0.6803755211253965,6.92905406749464e-06,0.5139694837552585,0.6025586765864931,0.6886391920813332,0.7718315575239412,0.8518291505160095,24.466474430327896,17.884445,34.720665,1.3185051881894504e+19,-3.592917e+19,-3.7630586e+17
1992-12-16 12:00:00,0.6790127235925761,0.6796841665056048,0.6806386750029305,6.969408934754461e-06,0.514119657957875,0.602802587356564,0.6889742326482383,0.7722546871734532,0.8523369549435006,24.45582067406499,18.013725,34.732788,1.3185052695175717e+19,-3.5920944e+19,-3.762925e+17
1993-01-16 12:00:00,0.6794648792905641,0.6801267985010646,0.6810718398967619,7.086160585527546e-06,0.5144235417048035,0.6032097708708678,0.6894818439351095,0.7728593984166905,0.8530350563447961,24.414257485051877,18.272903,34.742886,1.3185054220999205e+19,-3.591147e+19,-3.7622965e+17
1993-02-15 00:00:00,0.6802563860787627,0.6809112969615815,0.6818670778907933,7.169671893303375e-06,0.5150963514071158,0.6039595951875374,0.6903065116727505,0.7737564452623581,0.8540018013566154,24.386339941514933,18.410225,34.755337,1.3185058050291177e+19,-3.590198e+19,-3.7611633e+17
1993-03-16 12:00:00,0.6814065241625733,0.6820563226993928,0.6830202271395069,7.2234194211932465e-06,0.5161471302121511,0.6050684833479724,0.6914718420784757,0.7749763759201773,0.8552743964072554,24.364907115453082,18.422174,34.755146,1.3185064374286182e+19,-3.5891868e+19,-3.760259e+17
1993-04-16 00:00:00,0.6822035035144167,0.6828468936262045,0.6838183414209039,7.221468362246866e-06,0.5169145316209781,0.6058464375831596,0.6922600105542692,0.7757744428351114,0.8560821099313811,24.363486400042905,18.351862,34.75648,1.3185068967833735e+19,-3.5887022e+19,-3.759457e+17
1993-05-16 12:00:00,0.6817255072313055,0.6823646790234695,0.6833359908208936,7.148170964568101e-06,0.5165077094306283,0.6053895679669764,0.6917544843829515,0.7752218644213329,0.8554842531385718,24.390240176620086,18.237122,34.757706,1.31850665474134e+19,-3.5892673e+19,-3.759071e+17
1993-06-16 00:00:00,0.6801698695176668,0.6808025675379235,0.6817832994115187,7.0654928238574915e-06,0.5151184565287865,0.6038944244415275,0.6901564558063246,0.7735243410639566,0.8536908870771384,24.41996328176956,18.146969,34.7482,1.3185058092459192e+19,-3.5908508e+19,-3.759985e+17
1993-07-16 12:00:00,0.6783024556877516,0.6789292357532143,0.6798871968685914,7.068275551945836e-06,0.5134745875787029,0.6021087101379493,0.6882329274534081,0.7714675492774822,0.8515057424642608,24.414415938851885,18.134346,34.717762,1.3185048046070219e+19,-3.592879e+19,-3.7620254e+17
1993-08-16 12:00:00,0.6774344962965293,0.6780570568862154,0.6790099601817382,7.108353481525627e-06,0.512765001642542,0.6012972968253038,0.6873225697164838,0.7704615361182197,0.8504076734763804,24.39407853518258,18.182062,34.699448,1.3185043631101549e+19,-3.5941293e+19,-3.7636926e+17
1993-09-16 00:00:00,0.6779278388395223,0.6785480191918193,0.6794955132153333,7.1350441617806254e-06,0.5132809045925573,0.6017944466939078,0.6878014742215572,0.7709228202884879,0.850852087738137,24.380345562433533,18.173134,34.69171,1.318504666272043e+19,-3.5940132e+19,-3.7641114e+17
1993-10-16 12:00:00,0.6786292756726412,0.6792464941112895,0.6801981401804228,7.044169295537923e-06,0.513922567967236,0.6024725663863796,0.6885150038762837,0.7716705854373478,0.8516328341714693,24.416107414438976,18.02613,34.70357,1.318505060840468e+19,-3.593346e+19,-3.7638836e+17
1993-11-16 00:00:00,0.679478041474836,0.6800911586825079,0.6810383575369293,7.011824608078209e-06,0.5146222605102202,0.6032694388813832,0.6894063141112216,0.7726531859411117,0.8527032593678932,24.43110533133487,17.999949,34.71894,1.3185054977032487e+19,-3.5921529e+19,-3.7633483e+17
1993-12-16 12:00:00,0.6798455266850228,0.6804540484314965,0.681372980349122,7.0264352547387546e-06,0.5148372647922489,0.6035883399517753,0.6898262154320017,0.7731707176611827,0.8533146476998198,24.430788347144336,18.086126,34.73131,1.3185056444880525e+19,-3.5911692e+19,-3.763189e+17
1994-01-16 12:00:00,0.6802934597651114,0.6808962546556045,0.6817856239410385,7.116547915507677e-06,0.5151346686680968,0.6039862786845444,0.6903218867441766,0.7737608789451277,0.8539956883958845,24.401000007974666,18.285542,34.739647,1.3185058234416404e+19,-3.5901597e+19,-3.76243e+17
1994-02-15 00:00:00,0.6810067253632701,0.6816058145936831,0.682473409613608,7.180372041133399e-06,0.515733937723181,0.6046559657743041,0.6910600108829137,0.7745651928095857,0.8548637478462671,24.37886111924066,18.385902,34.74697,1.318506179913979e+19,-3.5892211e+19,-3.7612108e+17
1994-03-16 12:00:00,0.6822160039492132,0.6828107413777933,0.6836747539938015,7.2318764424486065e-06,0.5168442131010005,0.6058226670692541,0.6922815170772524,0.7758397178880575,0.8561894235097884,24.359468903245475,18.416122,34.751232,1.3185068531876026e+19,-3.5881553e+19,-3.7601264e+17
1994-04-16 00:00:00,0.6830138357335432,0.6836052647541117,0.6844517117203349,7.206006977482289e-06,0.5176087301750748,0.6065989058095292,0.6930691037389833,0.7766382929309184,0.8569986839390817,24.368405664754988,18.323374,34.753845,1.3185073290063421e+19,-3.5876114e+19,-3.7592543e+17
1994-05-16 12:00:00,0.6825770305982823,0.6831647242334309,0.6840127687885567,7.127804832144584e-06,0.5172298875346505,0.6061782463578475,0.6926077894691006,0.7761376627536973,0.8564602164155932,24.397402750356996,18.207338,34.756638,1.3185071003460727e+19,-3.588094e+19,-3.758643e+17
1994-06-16 00:00:00,0.6809803174016481,0.681560109320141,0.6824239589752801,7.0454078904592655e-06,0.5157987132355538,0.6046420411477632,0.6909695316757755,0.7744007130213842,0.854628195635427,24.42788640345857,18.127386,34.751278,1.3185062157818114e+19,-3.5897098e+19,-3.7590423e+17
1994-07-16 12:00:00,0.6793522457992338,0.6799258164837176,0.6807783010238927,7.078375816291517e-06,0.5143801079459253,0.603090385000327,0.6892886062631749,0.7725947924030051,0.852701901394657,24.41096528173618,18.154099,34.7215,1.3185053386988888e+19,-3.591593e+19,-3.76107e+17
1994-08-16 12:00:00,0.6786258466535168,0.6791971806593048,0.6800362389051228,7.181579330642797e-06,0.5138065159618729,0.6024181256952982,0.6885204687798048,0.771733965660035,0.8517518862046329,24.365427497222576,18.264313,34.69479,1.3185049723987323e+19,-3.5927404e+19,-3.762723e+17
1994-09-16 00:00:00,0.6788837226902117,0.6794524008607159,0.6802878667095935,7.1850768117170565e-06,0.514112010017396,0.602689354043154,0.6887583825335113,0.7719396879041888,0.8519267022779932,24.361008596187208,18.235868,34.688175,1.3185051482305978e+19,-3.592873e+19,-3.7632682e+17
1994-10-16 12:00:00,0.6799884343768829,0.6805508932123355,0.6814165522205934,7.132583432674596e-06,0.5151290663578904,0.6037623180434548,0.6898856513480781,0.7731194625751914,0.8531570625002365,24.38025435658158,18.149042,34.69898,1.3185057498131468e+19,-3.5919327e+19,-3.763127e+17
1994-11-16 00:00:00,0.6807195011390951,0.6812757865474752,0.6821591282073124,7.077910085100443e-06,0.5157260361077124,0.6044494695085508,0.6906604374499308,0.7739789507673436,0.8540980129868242,24.40413430057867,18.084518,34.711563,1.3185061064713587e+19,-3.5908955e+19,-3.7627545e+17
1994-12-16 12:00:00,0.6810362973510905,0.6815844598538557,0.6824522292963481,7.084856125129205e-06,0.515886516064218,0.6047184352564413,0.6910348629573091,0.7744553093059535,0.8546723472930765,24.40578190364405,18.176945,34.72588,1.318506199082814e+19,-3.5899483e+19,-3.762473e+17
1995-01-16 12:00:00,0.6814349030750757,0.6819774439827135,0.6828198350893274,7.179441293213169e-06,0.5161540667231574,0.605075529299849,0.6914790035489178,0.7749836023544149,0.8552815652551207,24.374284974896113,18.364502,34.734722,1.3185063543268598e+19,-3.5890848e+19,-3.7621395e+17
1995-02-15 00:00:00,0.6822400051197491,0.6827773015449562,0.6836234249611318,7.282003748955327e-06,0.5168544348882502,0.6058429640928596,0.6923116102131904,0.7758792350254541,0.8562378967244099,24.337376257380647,18.522589,34.743862,1.3185067655839715e+19,-3.588194e+19,-3.761501e+17
1995-03-16 12:00:00,0.6834055433139642,0.6839384583770892,0.6848106993270274,7.311696039245107e-06,0.5179373562179148,0.6069728347353073,0.6934870765588941,0.7770988211972752,0.857500080299053,24.32638041847806,18.526491,34.75139,1.3185074198265754e+19,-3.5872543e+19,-3.7605603e+17
1995-04-16 00:00:00,0.6840969314231881,0.6846243521691892,0.6855292657736325,7.273925913103217e-06,0.5186023733177053,0.6076470568211578,0.6941701996629618,0.7777905641399452,0.8582002219834659,24.338291502956384,18.429892,34.754993,1.3185078321003565e+19,-3.5868216e+19,-3.7596254e+17
1995-05-16 12:00:00,0.6835864776523217,0.6841090770875379,0.6850271353538733,7.182813993915696e-06,0.5181578180802647,0.6071566148594661,0.693635143905358,0.7772123587444615,0.8575804796907026,24.37150215691884,18.302895,34.755787,1.3185075682014517e+19,-3.5873852e+19,-3.7591502e+17
1995-06-16 00:00:00,0.6821698129136864,0.682686306877779,0.68360466842398,7.123942076742849e-06,0.5169085897357697,0.6057991265652047,0.6921724605879632,0.775647952928091,0.8559181140296028,24.391870022066925,18.245062,34.750134,1.3185068076041234e+19,-3.5889058e+19,-3.75987e+17
1995-07-16 12:00:00,0.6808571732372926,0.6813650404818582,0.6822783545517543,7.177248088504913e-06,0.5157899817515027,0.6045552843302917,0.6908069348579392,0.7741647772763374,0.8543216782423905,24.367024663203782,18.307919,34.723766,1.3185061157112556e+19,-3.5905929e+19,-3.761651e+17
1995-08-16 12:00:00,0.6799495945364541,0.6804495544143446,0.6813412345491193,7.2186781203226605e-06,0.515043521393554,0.603701625889532,0.6898491206015244,0.7731062814490756,0.8531663072706465,24.346498442106657,18.335562,34.698948,1.3185056497144961e+19,-3.5919138e+19,-3.763086e+17
1995-09-16 00:00:00,0.6800186278695608,0.6805137843548164,0.6813927552120664,7.186971734635162e-06,0.515164297036833,0.6037850676383685,0.6898962781803621,0.7731183774084439,0.8531447172539814,24.355891898416417,18.252499,34.689106,1.3185057236634214e+19,-3.5921687e+19,-3.763796e+17
1995-10-16 12:00:00,0.6808400493698062,0.6813315796385013,0.6822140045960376,7.104250812494819e-06,0.5159209208826828,0.6045821535626729,0.6907326705350688,0.7739927764473393,0.8540557336752697,24.387591950796242,18.111328,34.695694,1.318506193749465e+19,-3.5914465e+19,-3.7639454e+17
1995-11-16 00:00:00,0.6815641852986547,0.6820518109762393,0.6829429526277269,7.038054522350113e-06,0.516503914759595,0.6052601524922767,0.691502997928377,0.7748523461486645,0.8550011308881443,24.416591018347226,18.040518,34.71132,1.3185065629910018e+19,-3.5903565e+19,-3.7636606e+17
1995-12-16 12:00:00,0.6821056264821717,0.6825883107337554,0.6834786800661401,7.059338236397214e-06,0.5168687971081983,0.6057459491943634,0.6921063249807116,0.7755692774976837,0.8558272844191244,24.414199726447155,18.131603,34.722607,1.318506793301791e+19,-3.589174e+19,-3.7633802e+17
1996-01-16 12:00:00,0.6824907409296403,0.6829669930920846,0.6838351383533766,7.164622717658472e-06,0.5171040307968114,0.6060831265054079,0.6925426015879693,0.7761013554593456,0.8564514822150574,24.38004319892883,18.333227,34.72921,1.3185069232238733e+19,-3.5882164e+19,-3.7627587e+17
1996-02-15 12:00:00,0.6833566698205941,0.6838260557215415,0.6846869658224018,7.272116720945963e-06,0.5178410360494258,0.6069018444222877,0.6934407321092259,0.7770762846063863,0.8575003629455087,24.34156737020506,18.495201,34.735252,1.3185073573089444e+19,-3.5871982e+19,-3.7618887e+17
1996-03-16 12:00:00,0.6843813382081427,0.6848451685032301,0.6857135714819605,7.296019289349569e-06,0.5187677959616216,0.6078852429465227,0.6944791485490599,0.7781679205194519,0.8586433176462368,24.33321301948015,18.487364,34.741127,1.318507920035567e+19,-3.5862615e+19,-3.760895e+17
1996-04-16 00:00:00,0.685170687318231,0.6856302540780022,0.6864934345222832,7.247319245922507e-06,0.5195054172612935,0.6086474953066469,0.6952652984087235,0.7789771883635448,0.8594749267170592,24.349367073093365,18.379639,34.744926,1.3185083784340689e+19,-3.585638e+19,-3.7600205e+17
1996-05-16 12:00:00,0.6847940447489277,0.6852509814534878,0.6861094733387977,7.166216080031279e-06,0.5191830213154055,0.6082843213824285,0.6948624828226332,0.7785360428049968,0.8589969036201252,24.378079819725176,18.268412,34.745827,1.3185081973665475e+19,-3.5860642e+19,-3.7595446e+17
1996-06-16 00:00:00,0.6832973868694157,0.6837502272892346,0.6846022508495004,7.111354456658234e-06,0.5178591915549962,0.6068484069235877,0.6933176537783701,0.7768858913142265,0.8572453216889632,24.397237521316747,18.214193,34.739655,1.3185073860258429e+19,-3.5876255e+19,-3.760049e+17
1996-07-16 12:00:00,0.6816944654683095,0.6821409122057597,0.6829864953899557,7.136034598615547e-06,0.5164710952062972,0.6053230467265649,0.6916589247930935,0.7750982093319365,0.8553334785085638,24.383514301155692,18.240082,34.71705,1.3185065230740107e+19,-3.5895171e+19,-3.761775e+17
1996-08-16 12:00:00,0.6808113297911842,0.6812522972560177,0.68210871641395,7.1981746809220695e-06,0.5157442357684525,0.6044952792084664,0.690733107885053,0.7740776056837858,0.8542216593433162,24.35369028051713,18.30919,34.695477,1.318506055251464e+19,-3.5908027e+19,-3.7632555e+17
1996-09-16 00:00:00,0.6811143516870226,0.68154903096812,0.6824269719268873,7.182640350965391e-06,0.516082636444281,0.6048069799712958,0.6910188490131699,0.7743382686151635,0.8544582616478008,24.3559668669476,18.25153,34.688717,1.3185062405942516e+19,-3.590924e+19,-3.7639097e+17
1996-10-16 12:00:00,0.6818182008771373,0.6822491102574952,0.683146195903493,7.058647597955803e-06,0.5167221242463593,0.6054872007434828,0.6917386391945938,0.775096313315197,0.8552531445465354,24.40430660962193,18.073483,34.70208,1.3185066361093335e+19,-3.5902731e+19,-3.7640107e+17
1996-11-16 00:00:00,0.6824661554498311,0.6828925482271965,0.6837889140566831,6.983709609356565e-06,0.517237013899433,0.6060911937915017,0.6924292325359711,0.7758706133900317,0.856107940534422,24.436286090898946,18.010153,34.719135,1.3185069700409442e+19,-3.5892596e+19,-3.76398e+17
1996-12-16 12:00:00,0.6829243600851166,0.6833430967472225,0.6842498467591428,7.006489151328658e-06,0.5175236662701412,0.60649724619983,0.6929513431374467,0.7765048977965087,0.8568500542346399,24.433092052556013,18.1166,34.730762,1.3185071390874298e+19,-3.5881713e+19,-3.763556e+17
1997-01-16 12:00:00,0.6834050385783313,0.6838179595821153,0.6847188612637672,7.105254835653701e-06,0.5178311981224653,0.6069229264312551,0.6934918684659231,0.777156443744444,0.8576083598838166,24.400672931008355,18.318241,34.735527,1.3185073085747016e+19,-3.5870472e+19,-3.7624948e+17
1997-02-15 00:00:00,0.6842476627749278,0.6846557258181748,0.6855287741884938,7.204538637494677e-06,0.5185424441260966,0.6077178548734403,0.6943681254047641,0.7781113514339587,0.8586389987666513,24.364579336622544,18.471182,34.740078,1.318507721152081e+19,-3.5859833e+19,-3.7613396e+17
1997-03-16 12:00:00,0.6854140154796285,0.6858174191786379,0.6866643972837536,7.273277651402909e-06,0.5196151798266723,0.6088434460831241,0.6955450603169172,0.7793379626316995,0.8599135419585222,24.337758986866852,18.526096,34.748024,1.3185083800454179e+19,-3.5849689e+19,-3.7604868e+17
1997-04-16 00:00:00,0.6863192639069224,0.6867186762460377,0.6875660817017142,7.271732881655048e-06,0.5204711649845706,0.6097235693691233,0.6964485945663191,0.7802641468630013,0.8608616347907818,24.33650119188851,18.46386,34.74919,1.3185088896432955e+19,-3.5843197e+19,-3.759593e+17
1997-05-16 12:00:00,0.6859128438153916,0.6863077450791888,0.6871391769535092,7.220786672445682e-06,0.5201236159516874,0.6093346536848145,0.6960194563201063,0.7797961027883622,0.860356137191937,24.354330977112056,18.387413,34.751648,1.3185086677120322e+19,-3.584804e+19,-3.7593007e+17
1997-06-16 00:00:00,0.6845852634406027,0.6849736856194837,0.6858170978324901,7.1876181703122876e-06,0.5189570609613584,0.608065758459893,0.6946511122883674,0.7783315862499379,0.858798997837525,24.364073400067337,18.350052,34.741867,1.3185079402158864e+19,-3.5862685e+19,-3.760211e+17
1997-07-16 12:00:00,0.6829163351303921,0.6832991652342397,0.6841155342876709,7.259099025429076e-06,0.5175063327502458,0.6064755870124703,0.6929254544237197,0.7764749200556859,0.85681617278867,24.33254540141282,18.404474,34.706905,1.318507039252854e+19,-3.5882074e+19,-3.7622367e+17
1997-08-16 12:00:00,0.6821647375940673,0.6825443536374063,0.6833423151488663,7.334369470882923e-06,0.5169133946106755,0.6057785081303491,0.6921271797507498,0.7755788210200609,0.8558259554617653,24.29834791008313,18.487852,34.686592,1.3185066683068092e+19,-3.5894025e+19,-3.7638973e+17
1997-09-16 00:00:00,0.682661202290067,0.6830374110770668,0.6838448188480359,7.3520743985624154e-06,0.5174418183365069,0.6062833031296455,0.692608988079755,0.7760384243571815,0.8562642807192793,24.288365441113513,18.481907,34.68261,1.3185069803586408e+19,-3.589369e+19,-3.7645856e+17
1997-10-16 12:00:00,0.6835674847385946,0.683940505307607,0.684752604773264,7.286264721802631e-06,0.5182845753964239,0.6071641914682634,0.6935269017769679,0.7769921314469169,0.8572524798251497,24.313745274149163,18.34476,34.6879,1.3185074948577737e+19,-3.5886133e+19,-3.7646003e+17
1997-11-16 00:00:00,0.6844804865538614,0.6848482419481128,0.685653104413455,7.252012296959356e-06,0.5190507396893979,0.6080258670079544,0.6944813826054466,0.7780363183413685,0.8583829695398583,24.330575310327376,18.314062,34.705074,1.3185079659081177e+19,-3.5874155e+19,-3.7639925e+17
1997-12-16 12:00:00,0.6850422312044432,0.6854010002118607,0.6861999021380033,7.300204185255924e-06,0.5194449942854785,0.6085353379146774,0.6951028408998553,0.778766023048418,0.8592167515408365,24.316052141447923,18.446745,34.71677,1.3185081901013654e+19,-3.5863303e+19,-3.763628e+17
1998-01-16 12:00:00,0.6851982959928508,0.6855524165690248,0.686334109154168,7.349037307386598e-06,0.5194725960841308,0.6086538633904899,0.6953097576082351,0.7790583864662171,0.8595912623512747,24.302146361932245,18.596058,34.73206,1.3185081916175671e+19,-3.5855762e+19,-3.7627755e+17
1998-02-15 00:00:00,0.6856794302355601,0.6860315324688129,0.686795781237336,7.417181914115283e-06,0.5198619585383312,0.6091030481398393,0.6958170776381571,0.7796219229381222,0.8602089202666201,24.27716207935312,18.716076,34.74484,1.3185084273478367e+19,-3.5848486e+19,-3.7617052e+17
1998-03-16 12:00:00,0.6866409956366132,0.686989487079689,0.6877578141257331,7.454274470323566e-06,0.5207415190170736,0.6100302385671255,0.6967905216951226,0.7806401035725712,0.8612702481748046,24.26211852965409,18.731342,34.748383,1.318508963491438e+19,-3.583976e+19,-3.7606833e+17
1998-04-16 00:00:00,0.686920262192192,0.6872662251929876,0.6880201733385666,7.416919628607416e-06,0.5210150496847769,0.6102997527667571,0.697056100570696,0.7809018797566644,0.8615284186179991,24.274933508328267,18.62543,34.74822,1.3185091469731127e+19,-3.5837788e+19,-3.7598683e+17
1998-05-16 12:00:00,0.6865243015480966,0.6868644607507216,0.6876223276611141,7.337988923498838e-06,0.5206730449853361,0.6099184891601072,0.6966366704271435,0.7804455389877987,0.8610365516893431,24.303571905143862,18.528296,34.754223,1.3185089546902682e+19,-3.5842184e+19,-3.759533e+17
1998-06-16 00:00:00,0.6851591663474168,0.6854942414683606,0.6862402284201864,7.234763839358281e-06,0.5194672021827167,0.6086079641245056,0.6952244292791399,0.7789349402688913,0.8594312328689653,24.341674548474803,18.428402,34.751713,1.318508247025478e+19,-3.5856396e+19,-3.7602858e+17
1998-07-16 12:00:00,0.6834887559826042,0.6838221424972251,0.6845384371305913,7.239828573459467e-06,0.5180031522408092,0.6070125169343309,0.6935013195212298,0.7770883885351451,0.857465802186786,24.335709864737666,18.450474,34.728138,1.3185073676020206e+19,-3.5874544e+19,-3.762014e+17
1998-08-16 12:00:00,0.6826860768139381,0.6830188913326433,0.6837033839772978,7.304812929513985e-06,0.5173574798179328,0.6062626423525976,0.6926501906648388,0.7761393765849355,0.8564226079303641,24.304279092088453,18.507841,34.704227,1.318506981787548e+19,-3.588651e+19,-3.7636613e+17
1998-09-16 00:00:00,0.682738512306394,0.6830702570516269,0.6837340332327537,7.243578835043392e-06,0.5174702236017855,0.6063318795537243,0.6926771395014707,0.7761254563724835,0.8563694155260547,24.326007786491523,18.381449,34.699932,1.31850705883471e+19,-3.5889188e+19,-3.7643124e+17
1998-10-16 12:00:00,0.6833573719385676,0.6836869930046388,0.684342473648264,7.124773150625729e-06,0.5180366097503273,0.6069283713324886,0.6933028752849206,0.7767794669111875,0.8570506652082495,24.37192490740259,18.207584,34.714046,1.3185074273203112e+19,-3.5883272e+19,-3.7642296e+17
1998-11-16 00:00:00,0.6841625239363444,0.684489496973951,0.6851295753636902,7.05377086929358e-06,0.5187026895831595,0.6076845164458516,0.6941465457734266,0.7777077427627488,0.8580603278729492,24.402643847541906,18.138132,34.73318,1.3185078674340655e+19,-3.5871815e+19,-3.7639128e+17
1998-12-16 12:00:00,0.6843214658118533,0.6846448816109605,0.6852482739771928,7.034729158642254e-06,0.5187289509409364,0.6078010696763608,0.6943508819935541,0.7779969274735213,0.8584310553010801,24.415265390831518,18.154358,34.7421,1.3185079131232625e+19,-3.586364e+19,-3.7636678e+17
1999-01-16 12:00:00,0.6845460884718982,0.6848645652208498,0.6854344980581862,7.107770021503044e-06,0.5188055851176547,0.6079782011560104,0.6946257240821286,0.7783662332834704,0.8588911807903659,24.393195799856702,18.328556,34.749706,1.3185079659738092e+19,-3.585465e+19,-3.7630858e+17
1999-02-15 00:00:00,0.6851842800530299,0.6854996588843154,0.6860401542824806,7.189705919550164e-06,0.5193289428585324,0.6085733150103112,0.6952905802130436,0.7790985371491865,0.8596884247486812,24.36505893349645,18.453259,34.756042,1.31850829644963e+19,-3.584548e+19,-3.7620062e+17
1999-03-16 12:00:00,0.6864867987401053,0.6867986825139312,0.6873365484316879,7.258761570208504e-06,0.5205320348447116,0.609831842077512,0.6966029467312151,0.780462993211607,0.8611031522725386,24.337599515225612,18.500648,34.75679,1.3185090355569328e+19,-3.583447e+19,-3.761039e+17
1999-04-16 00:00:00,0.6871869197212441,0.6874967012661184,0.6880158865469465,7.202392444206604e-06,0.521201943809058,0.6105107036849767,0.6972904606081198,0.7811588802219864,0.8618071920844008,24.357460928890973,18.380379,34.76134,1.3185094699507444e+19,-3.5829315e+19,-3.7600892e+17
1999-05-16 12:00:00,0.6867275516208039,0.6870347424412744,0.6875625558162919,7.10933255393731e-06,0.5208081958715488,0.6100712550364239,0.696806576247604,0.7806320161199224,0.8612389547934048,24.392881426901777,18.25282,34.765263,1.3185092411329001e+19,-3.583439e+19,-3.759671e+17
1999-06-16 00:00:00,0.6853004250630487,0.6856025854038074,0.686128969302129,7.040794367652206e-06,0.5195495762325694,0.6087036578455306,0.6953330887084727,0.7790561350648338,0.8595644689057808,24.41744399148505,18.171455,34.755928,1.3185084698687803e+19,-3.5849605e+19,-3.7602738e+17
1999-07-16 12:00:00,0.6836401705927605,0.6839371863832366,0.6844463482916839,7.077787032044501e-06,0.5181105199206822,0.6071223032030281,0.6936134718768716,0.7772028302968317,0.8575824379484341,24.399743257707875,18.20091,34.72568,1.3185075815812362e+19,-3.586914e+19,-3.7621763e+17
1999-08-16 12:00:00,0.6828209307622574,0.6831142633051734,0.6836083463876831,7.154193060491634e-06,0.5174610656105417,0.6063615037228004,0.6927444736250011,0.7762292316901049,0.8565081900241958,24.365408963028578,18.272419,34.700798,1.318507179793728e+19,-3.5882122e+19,-3.7640238e+17
1999-09-16 00:00:00,0.6829983246157872,0.6832873084885847,0.6837671489500967,7.131948673715081e-06,0.5176919810144444,0.6065526422775589,0.6928969423231818,0.7763443314285297,0.8565873986595018,24.37110467791852,18.198421,34.69362,1.3185073188017476e+19,-3.5884242e+19,-3.764731e+17
1999-10-16 12:00:00,0.6837382565204805,0.6840261784612665,0.6844865169532293,7.030773224329098e-06,0.5183643747581319,0.6072655236133145,0.6936491537245011,0.7771345672930928,0.8574142567174843,24.410453212864965,18.045773,34.70578,1.3185077478998723e+19,-3.5876884e+19,-3.7647515e+17
1999-11-16 00:00:00,0.684454822823065,0.6847406880236482,0.6851954641053951,6.966562143217578e-06,0.5189376521948602,0.6079335595469706,0.6944092828685725,0.7779837181523389,0.858349032185104,24.438686888472233,17.991196,34.725025,1.3185081252381733e+19,-3.5865522e+19,-3.7644065e+17
1999-12-16 12:00:00,0.6847362259265126,0.6850190572350587,0.6854615154411774,6.97639617403442e-06,0.5190740392372984,0.6081712514958061,0.694745456909367,0.7784150829098736,0.858871892816098,24.44103314709758,18.06496,34.737797,1.318508220839574e+19,-3.5856257e+19,-3.7642368e+17
2000-01-16 12:00:00,0.6852843077995157,0.6855624514821103,0.6859893249129532,7.104488951925658e-06,0.519464456012768,0.6086691343812174,0.695347808873158,0.7791184382217586,0.8596723967321392,24.39618964469578,18.303045,34.743324,1.3185084493393062e+19,-3.5845453e+19,-3.7637235e+17
2000-02-15 12:00:00,0.6859061357259691,0.6861796460362819,0.6865803979214293,7.196362959160528e-06,0.5199814983644481,0.6092516481483209,0.6959939561248945,0.779826128905217,0.8604393515167755,24.364020964930393,18.436905,34.74975,1.3185087565320264e+19,-3.5837058e+19,-3.7626398e+17
2000-03-16 12:00:00,0.6870053123988565,0.6872767994301929,0.6876486281868567,7.229886332948161e-06,0.5209971819284196,0.6103119463322247,0.6970975815546817,0.7809716772090586,0.8616253739867659,24.350478929503925,18.447287,34.75473,1.3185093915390517e+19,-3.5827459e+19,-3.761535e+17
2000-04-16 00:00:00,0.6878396241690763,0.6881090348143979,0.6884639770968168,7.2256846567810494e-06,0.5217926523413585,0.6111229966203054,0.6979237178959661,0.7818124083783033,0.8624802582872534,24.34918441314469,18.391493,34.75664,1.318509886440304e+19,-3.5821524e+19,-3.760497e+17
2000-05-16 12:00:00,0.6874718207480851,0.6877387733614531,0.6880919759345284,7.137228380207249e-06,0.5214846596956677,0.6107721007767394,0.6975311023763408,0.7813794420984239,0.8620084607971165,24.381772992912204,18.285175,34.763275,1.318509706144815e+19,-3.582593e+19,-3.759944e+17
2000-06-16 00:00:00,0.6859304164666711,0.6861920003230368,0.6865409672417174,7.039197586689072e-06,0.5201103076793406,0.6092916919509136,0.6959476430223838,0.779696327893956,0.8602293561871734,24.420203945518942,18.178457,34.760384,1.318508857454524e+19,-3.5841632e+19,-3.7604397e+17
2000-07-16 12:00:00,0.6844647644971481,0.6847204229407763,0.6850598129845403,7.0869884956452625e-06,0.5188451741793635,0.6078997961508439,0.6944325783616041,0.7780621644136408,0.8584805060560702,24.39699956921862,18.237535,34.73206,1.3185080699224013e+19,-3.5859261e+19,-3.7624515e+17
2000-08-16 12:00:00,0.6839351251773702,0.6841859198417611,0.6845110481151813,7.187529485106604e-06,0.5184567870028444,0.6074181422127024,0.6938602897316064,0.777402263044872,0.857736326097881,24.35218466048139,18.351686,34.70863,1.318507813694956e+19,-3.5869698e+19,-3.764162e+17
2000-09-16 00:00:00,0.6843034424829019,0.6845488671016584,0.6848752275846226,7.1808553932490705e-06,0.5188657261526529,0.6077962708266135,0.6942084641649228,0.7777215024169077,0.8580278079205703,24.35102503719336,18.301373,34.69985,1.318508051467269e+19,-3.587058e+19,-3.764855e+17
2000-10-16 12:00:00,0.6850823090232012,0.6853245360238566,0.6856401588383451,7.085956443518421e-06,0.5195809360231577,0.6085488397002181,0.6949973243104015,0.7785454538371003,0.8588855685690906,24.387907659458012,18.13266,34.70629,1.3185085010876875e+19,-3.5863582e+19,-3.765056e+17
2000-11-16 00:00:00,0.6858839505944704,0.6861198556042509,0.6864419251795543,7.035186749004905e-06,0.5202410560418623,0.6093020301474441,0.6958409598354637,0.7794765184091078,0.8599007381489732,24.410416455759037,18.081402,34.721222,1.3185089176034216e+19,-3.5852486e+19,-3.7647127e+17
2000-12-16 12:00:00,0.6862612041064734,0.6864902822834335,0.6867809573415119,7.045516301978687e-06,0.5204658428060303,0.609628621057961,0.6962665212678882,0.7799977513449892,0.8605139471422196,24.41213821343756,18.161926,34.73297,1.318509070959321e+19,-3.5842518e+19,-3.7643062e+17
2001-01-16 12:00:00,0.6867127019993924,0.686935453412986,0.687186731583349,7.1514149855589506e-06,0.520776911618539,0.610032875238612,0.6967613614451744,0.7805801709306289,0.8611806009351808,24.375946985515633,18.371916,34.739494,1.318509253957677e+19,-3.5833128e+19,-3.7636104e+17
2001-02-15 00:00:00,0.6874246374204074,0.6876415395080603,0.6878633922115188,7.23989856000254e-06,0.5213804576087405,0.6107039208396863,0.6974980042238983,0.7813802512654404,0.8620417697680007,24.343542659411014,18.512182,34.746357,1.3185096157981723e+19,-3.5824275e+19,-3.7625515e+17
2001-03-16 12:00:00,0.6888111978255607,0.6890243857488246,0.6892428543296174,7.334448305860238e-06,0.5226547076526438,0.612043066666833,0.6989001764987328,0.7828433906679086,0.8635637222468878,24.30545935646028,18.597525,34.7492,1.3185103890144393e+19,-3.5812272e+19,-3.761338e+17
2001-04-16 00:00:00,0.6896321680637081,0.6898417669977944,0.690061604959351,7.2944997222008415e-06,0.5234248336892897,0.6128372446398359,0.6997176812151176,0.7836834581000328,0.864425599487041,24.319242995836042,18.488684,34.75268,1.3185108583719952e+19,-3.5805845e+19,-3.760302e+17
2001-05-16 12:00:00,0.6893385093265505,0.6895447895727905,0.68977668261734,7.201540032671825e-06,0.5231777373936419,0.612556814171654,0.6994048328103931,0.7833392526076755,0.8640512149490354,24.35447696822747,18.36585,34.759476,1.3185107145191086e+19,-3.5809436e+19,-3.75996e+17
2001-06-16 00:00:00,0.688089094937839,0.688290276558985,0.6885302799033256,7.151327329466961e-06,0.5220714736634885,0.6113593087909465,0.6981186678055262,0.7819673485509596,0.8625967298943118,24.372581517128783,18.328655,34.755108,1.3185100335384678e+19,-3.5822625e+19,-3.76056e+17
2001-07-16 12:00:00,0.6865595834222807,0.6867561049105788,0.6869823405803606,7.172693766189775e-06,0.5207458923650394,0.6099035530834563,0.6965364343313063,0.7802628226679353,0.8607744467517316,24.360715883822163,18.352142,34.730465,1.318509219978779e+19,-3.5840486e+19,-3.762544e+17
2001-08-16 12:00:00,0.6856973183913041,0.6858911921115124,0.6861035106635924,7.232189222118672e-06,0.5200418810923775,0.6090970386232951,0.6956303217762984,0.779260425361114,0.8596793899317001,24.332083559234427,18.405209,34.705227,1.3185087835956759e+19,-3.5852946e+19,-3.7643605e+17
2001-09-16 00:00:00,0.6861361562902119,0.6863284508490922,0.6865397502740137,7.246929999773414e-06,0.5205063698490384,0.6095422417423492,0.6960567614699894,0.7796687363289686,0.8600703241125432,24.322755801204792,18.380392,34.695347,1.3185090643153687e+19,-3.5852303e+19,-3.7651315e+17
2001-10-16 12:00:00,0.6868609807991336,0.6870527302694295,0.6872657376510367,7.142192238794844e-06,0.5211628278379045,0.6102426183625402,0.6967997991320787,0.7804530146730307,0.8608943132617883,24.363480729170035,18.238003,34.711517,1.318509478791008e+19,-3.584499e+19,-3.7651047e+17
2001-11-16 00:00:00,0.687513423462197,0.6877021975785653,0.6879187440604465,7.079712699844328e-06,0.5216783084347438,0.6108510044711153,0.6974984752152786,0.7812389654391874,0.8617642011752022,24.391320953959433,18.190475,34.731678,1.3185098077934287e+19,-3.5834535e+19,-3.7647075e+17
2001-12-16 12:00:00,0.6878026540759136,0.6879864169993453,0.688196183173846,7.098531454896079e-06,0.521813519235752,0.6110941140553438,0.6978464793650203,0.7816883614650405,0.8623110569672624,24.38979792836359,18.277159,34.74181,1.3185099017398368e+19,-3.5825018e+19,-3.7645158e+17
2002-01-16 12:00:00,0.6881696694662092,0.688347191758522,0.6885283252446407,7.225802353817881e-06,0.5220403068492419,0.6114178546509434,0.6982644752844375,0.782197481592255,0.8629078028946643,24.347219376572568,18.4948,34.742775,1.3185100179748284e+19,-3.5816308e+19,-3.7641495e+17
2002-02-15 00:00:00,0.6888424304945024,0.6890158340283931,0.6891788791343634,7.3026365126780605e-06,0.5226129282172627,0.6120550240268108,0.698964379046345,0.7829580615723742,0.863726820998084,24.32098618660282,18.61083,34.754444,1.318510349403927e+19,-3.580799e+19,-3.763192e+17
2002-03-16 12:00:00,0.6900179685895175,0.6901859684557354,0.6903691959924286,7.365676504005048e-06,0.5236996886876083,0.6131922878190219,0.70015068674329,0.7841918185195004,0.8650063760616055,24.295676313327785,18.65069,34.756557,1.3185110032724668e+19,-3.5798388e+19,-3.7620546e+17
2002-04-16 00:00:00,0.6906685963811128,0.6908321120295028,0.6910323155621261,7.32676004686849e-06,0.5243203198008581,0.6138235695012427,0.7007922734965462,0.7848433789302268,0.8656676281997111,24.307898180826363,18.558052,34.760582,1.3185113799569963e+19,-3.5794067e+19,-3.7611094e+17
2002-05-16 12:00:00,0.690148089879055,0.6903063918686784,0.6905112680534888,7.227947215959846e-06,0.5238766756416608,0.6133250585611344,0.7002404284370461,0.784239961683301,0.8650145809019807,24.34493802550049,18.424862,34.764297,1.3185111140031e+19,-3.5800325e+19,-3.7607816e+17
2002-06-16 00:00:00,0.6885514764078251,0.6887030898354661,0.6889049806138956,7.1607360585393e-06,0.5224647713308674,0.6117936613530145,0.6985929282918838,0.782480193810144,0.8631466936753972,24.37038681674824,18.323278,34.75014,1.318510247552087e+19,-3.5817398e+19,-3.7616784e+17
2002-07-16 12:00:00,0.6867444547424632,0.6868915418762793,0.6870707253321712,7.161575755752722e-06,0.5208890844114781,0.6100708593366388,0.6967271904377316,0.7804762443710727,0.8610096422785251,24.366973148852296,18.310608,34.724777,1.3185092801505765e+19,-3.5837924e+19,-3.7638032e+17
2002-08-16 12:00:00,0.6858345963386738,0.6859777262560365,0.6861319333501693,7.235909855933264e-06,0.5201467421608981,0.609219925022733,0.6957707442173156,0.7794177979787796,0.8598530369821296,24.33369646587472,18.37642,34.69753,1.318508813111398e+19,-3.5851164e+19,-3.7657246e+17
2002-09-16 00:00:00,0.6859807821441842,0.6861200286006864,0.6862596832041081,7.2281115067804726e-06,0.5203411516758483,0.6093801832586379,0.6958978032603588,0.7795127701811544,0.859917179885083,24.33472381801031,18.32217,34.689034,1.3185089171734237e+19,-3.5853018e+19,-3.7663444e+17
2002-10-16 12:00:00,0.6870443572973792,0.6871779825951755,0.687317262336532,7.189200286067692e-06,0.5213058547597873,0.6104061312169029,0.6969832451748826,0.7806557301462012,0.861115532175241,24.34909211041538,18.245043,34.697052,1.318509497805266e+19,-3.5843173e+19,-3.766257e+17
2002-11-16 00:00:00,0.6877412561408909,0.6878688428204439,0.6879781187870905,7.128660738076134e-06,0.5218595863842631,0.6110518725163699,0.697718400230929,0.7814773082696959,0.8620202249645005,24.37607122372844,18.168564,34.70893,1.3185098449512761e+19,-3.5832371e+19,-3.765784e+17
2002-12-16 12:00:00,0.6880940369864238,0.6882168349958974,0.6882966033059552,7.140701243716987e-06,0.5220463866007622,0.6113515394115538,0.6981277839635031,0.7819927436103055,0.8626376057822785,24.376092038740726,18.267056,34.72586,1.3185099749830775e+19,-3.5821768e+19,-3.7653916e+17
2003-01-16 12:00:00,0.688444941896219,0.6885613436799791,0.688625928898999,7.233014648737283e-06,0.5222605142038873,0.6116593804214693,0.6985267282395241,0.7824797601320841,0.86320930666669,24.345489006423684,18.459532,34.733032,1.3185100964204511e+19,-3.581309e+19,-3.7650274e+17
2003-02-15 00:00:00,0.6891273516221319,0.68923866130435,0.6892844346391079,7.314602917451041e-06,0.5228252169756774,0.6122986005268736,0.6992383734549351,0.7832614457566845,0.8640584247103125,24.31575076908245,18.600887,34.7401,1.3185104248914016e+19,-3.5803986e+19,-3.7641478e+17
2003-03-16 12:00:00,0.6902544306539165,0.6903611042403092,0.6904020056428305,7.357678829639497e-06,0.5238521314266446,0.613382851738067,0.7003783117423096,0.7844552489356145,0.865304178175249,24.29855026437963,18.63299,34.7481,1.3185110441315019e+19,-3.5793684e+19,-3.7629102e+17
2003-04-16 00:00:00,0.6909394351092095,0.6910432114572923,0.69108724821722,7.315862948342628e-06,0.5245054609361323,0.6140471716535045,0.7010532681324914,0.7851405026742411,0.8659994434555925,24.313431965786247,18.522596,34.75321,1.318511456113202e+19,-3.578854e+19,-3.761724e+17
2003-05-16 12:00:00,0.69050268232174,0.6906052161990112,0.6906429105200143,7.209983065226194e-06,0.5241293630393373,0.613626857987438,0.7005899684102634,0.7846356298487119,0.865454554816868,24.353402921482886,18.382248,34.75947,1.318511254500004e+19,-3.5793029e+19,-3.7613207e+17
2003-06-16 00:00:00,0.6891951980574503,0.6892928843461783,0.6893420596240796,7.176947835671137e-06,0.5229850440191515,0.6123786213908989,0.6992407510778114,0.7831887600206565,0.8639136420556919,24.36439803959054,18.348228,34.74952,1.3185105482908637e+19,-3.5807353e+19,-3.7619546e+17
2003-07-16 12:00:00,0.6875156531714921,0.6876087830042811,0.6876378212853756,7.239336639456308e-06,0.5215269527021994,0.610780182040086,0.6975059457856431,0.7813220954915806,0.8619199992644471,24.33663171668995,18.4096,34.71732,1.3185096445972089e+19,-3.5826812e+19,-3.7639592e+17
2003-08-16 12:00:00,0.6867757922490711,0.6868681170818363,0.6868704868178055,7.322188699170161e-06,0.5209510646888421,0.6100971199819442,0.696718740999963,0.7804342211735181,0.8609352770787201,24.29957316597548,18.493341,34.69288,1.3185092922296226e+19,-3.583881e+19,-3.7657648e+17
2003-09-16 00:00:00,0.6870701304205389,0.6871601905120884,0.6871605370470305,7.313767653257771e-06,0.5213019186851586,0.6104083904377565,0.6969915289414017,0.7806698271770953,0.8611351892578186,24.299698582978998,18.444664,34.687897,1.3185094936286708e+19,-3.5840547e+19,-3.7665746e+17
2003-10-16 12:00:00,0.687896116752003,0.6879809146307266,0.6880110507743536,7.217729461286166e-06,0.5220636140862268,0.6112113400782563,0.6978345439927188,0.7815515735352244,0.8620542431568816,24.336632140524145,18.304346,34.701912,1.3185099534676132e+19,-3.583354e+19,-3.7665973e+17
2003-11-16 00:00:00,0.6885819851658441,0.6886633639883443,0.6886983207742685,7.1496768389877035e-06,0.5226093215824613,0.611850466587948,0.6985644572245057,0.7823692408649878,0.8629563101247737,24.366334325499885,18.226177,34.714317,1.3185102976992401e+19,-3.5822775e+19,-3.7661527e+17
2003-12-16 12:00:00,0.6889065796952311,0.6889821816151259,0.6890141380749031,7.158873371522048e-06,0.5227787459002101,0.6121270918194828,0.6989452959909589,0.7828508139429403,0.8635347168993851,24.36947560106234,18.312677,34.730865,1.3185104018961455e+19,-3.5813016e+19,-3.7656947e+17
2004-01-16 12:00:00,0.689244165800879,0.6893140459104258,0.6893354714431785,7.233744346357353e-06,0.5229689280763097,0.6124180077478637,0.6993341425804417,0.7833343362090871,0.8641092757882247,24.346412780169047,18.475422,34.738216,1.3185105109281483e+19,-3.5803716e+19,-3.765121e+17
2004-02-15 12:00:00,0.6900925875472914,0.6901576096941635,0.6901615921438087,7.330843007083658e-06,0.5236862421025816,0.6132182482833994,0.7002149740037598,0.7842931085371055,0.8651431065087687,24.31168979534627,18.633558,34.74884,1.318510934934925e+19,-3.579312e+19,-3.763992e+17
2004-03-16 12:00:00,0.691045267029633,0.6911060634706664,0.6910938311331702,7.323804146677681e-06,0.5245473254642626,0.6141309111120857,0.7011777399279432,0.7853043423372292,0.8662010839173085,24.314441993042976,18.59787,34.755905,1.3185114684518971e+19,-3.5783978e+19,-3.7628992e+17
2004-04-16 00:00:00,0.6919127901665489,0.6919706054947526,0.6919571940641415,7.312440634540712e-06,0.5253687596138025,0.6149730105511102,0.7020398795676516,0.7861858753729604,0.8671013921873838,24.3166486391424,18.530645,34.759144,1.3185119747339063e+19,-3.5777508e+19,-3.7619265e+17
2004-05-16 12:00:00,0.6913590361745732,0.6914151471077555,0.6913793545099023,7.184577643181932e-06,0.5248846468329458,0.6144393976640379,0.7014581479695152,0.7855576071496188,0.8664283239997512,24.364935789007518,18.368334,34.76619,1.3185116953120244e+19,-3.5782907e+19,-3.7614313e+17
2004-06-16 00:00:00,0.6896984886861811,0.6897500213273957,0.6897098024767118,7.108378005301892e-06,0.5234095272691524,0.6128440170038445,0.6997459116473993,0.783732364970464,0.8644942365760905,24.392919912701178,18.277525,34.756767,1.318510806778653e+19,-3.579956e+19,-3.762023e+17
2004-07-16 12:00:00,0.6881599850609323,0.6882063557611907,0.688151054525716,7.188828263250353e-06,0.5220814174762707,0.6113823184266399,0.698154408984822,0.7820153435549057,0.8626563410937049,24.3579125689277,18.350431,34.722496,1.3185099804898998e+19,-3.581768e+19,-3.764018e+17
2004-08-16 12:00:00,0.6873636551036355,0.6874089545242672,0.6873491918951333,7.277917557080326e-06,0.5214549341215549,0.6106473162301318,0.6973139475335891,0.7810729249515068,0.8616158144326114,24.318328590534815,18.451298,34.700817,1.3185095760946074e+19,-3.5830243e+19,-3.765624e+17
2004-09-16 00:00:00,0.6876086770691049,0.6876514540139562,0.6875880466611394,7.274289358021834e-06,0.5217482635926592,0.6109070404357675,0.6975409926127291,0.7812683841783393,0.8617809374268158,24.316792002282398,18.406334,34.694473,1.3185097429821694e+19,-3.5831776e+19,-3.7663736e+17
2004-10-16 12:00:00,0.6883710730235434,0.6884103620090312,0.6883634480027393,7.176873401277241e-06,0.5224396480958582,0.611643301522848,0.6983208466348443,0.7820903804985322,0.862643513054773,24.3542451323801,18.2547,34.704773,1.3185101702768757e+19,-3.5824488e+19,-3.7663678e+17
2004-11-16 00:00:00,0.6891964834015124,0.6892297621555387,0.6891906884148099,7.138363812733604e-06,0.5231135800348643,0.6124178053997862,0.6991930823459841,0.7830570841820518,0.8637010853237862,24.371770184980505,18.221268,34.717537,1.3185105890031737e+19,-3.5812662e+19,-3.765901e+17
2004-12-16 12:00:00,0.6896926936558584,0.6897194061490377,0.6896671160130373,7.172604816329837e-06,0.5234507457971351,0.61286402894218,0.6997453198598574,0.7837118024391485,0.8644543393590917,24.36397920658278,18.326794,34.727383,1.3185107915488268e+19,-3.5802166e+19,-3.765686e+17
2005-01-16 12:00:00,0.689963087039905,0.6899839213020137,0.6899151884617272,7.257690901946288e-06,0.5235898122205087,0.6130939072441196,0.7000634875854503,0.7841153290954587,0.8649399460779639,24.337992135871882,18.512127,34.737118,1.3185108633400302e+19,-3.579419e+19,-3.7652164e+17
2005-02-15 00:00:00,0.6905652525624548,0.690581858592427,0.6905193524824011,7.320012159140348e-06,0.5240747778286143,0.6136555017425529,0.7006995638742008,0.7848234338221513,0.865717387106076,24.31691883113299,18.622866,34.745907,1.3185111520111133e+19,-3.5785422e+19,-3.7644584e+17
2005-03-16 12:00:00,0.6916298370306249,0.691643024779708,0.6915841983004282,7.3817532801670045e-06,0.5250473318611075,0.6146820945072912,0.7017786403619922,0.7859532790595026,0.8668962022818616,24.292302245820817,18.66827,34.7528,1.3185117281802572e+19,-3.5775868e+19,-3.7632916e+17
2005-04-16 00:00:00,0.6921249382149565,0.69213528962282,0.6920737856376525,7.3199586578411635e-06,0.5255266435169866,0.6151643074771838,0.7022636328007348,0.7864409659659245,0.8673865618492653,24.315642985584105,18.549591,34.763336,1.3185120290803012e+19,-3.5772523e+19,-3.7622718e+17
2005-05-16 12:00:00,0.6918071611401442,0.6918132576920236,0.6917580081489034,7.2545320708601715e-06,0.5252740908131838,0.6148646892641539,0.7019182500821105,0.7860513248242922,0.8669543368485306,24.339260990635275,18.445652,34.7633,1.3185118885131325e+19,-3.577717e+19,-3.7620976e+17
2005-06-16 00:00:00,0.6903104892656527,0.6903086406968649,0.6902663558725605,7.1936786397656606e-06,0.5239567385080551,0.6134331054370414,0.7003756682618577,0.7844014006641387,0.8652010227280832,24.35955805058576,18.37228,34.7501,1.3185110806936642e+19,-3.5793466e+19,-3.763184e+17
2005-07-16 12:00:00,0.6886595391520838,0.6886510209633975,0.6885859822459759,7.233047352783633e-06,0.5225282312981354,0.6118618324775528,0.6986656793533645,0.7825572797827018,0.8632277370435404,24.339090620434874,18.418633,34.722027,1.3185102032911727e+19,-3.5812765e+19,-3.7652545e+17
2005-08-16 12:00:00,0.6878379823372806,0.6878249976570465,0.687744915848855,7.310601270786738e-06,0.5218797048573657,0.611098855125744,0.6977914885327573,0.781575580962067,0.8621426032057175,24.304810986289024,18.502214,34.700085,1.3185097966977233e+19,-3.582566e+19,-3.7668258e+17
2005-09-16 00:00:00,0.6877482575933956,0.6877315633951209,0.687640391576737,7.256329198101337e-06,0.5218653304028701,0.6110319409040456,0.6976735054059983,0.7814082367195757,0.8619278093761792,24.323596327282704,18.410671,34.702282,1.3185097849357232e+19,-3.5829768e+19,-3.7672474e+17
2005-10-16 12:00:00,0.6884859093485305,0.6884648276754118,0.6883764181339838,7.159424639946394e-06,0.5225495267148225,0.6117478832079306,0.6984202781840312,0.7821848168207234,0.862733112549877,24.360876117935668,18.248857,34.711056,1.318510207779983e+19,-3.5823426e+19,-3.7672158e+17
2005-11-16 00:00:00,0.6891159218954962,0.6890888266020435,0.6889998578725443,7.076118652147874e-06,0.5230498458413152,0.6123340938088,0.699089966407441,0.7829351947847576,0.8635610892500605,24.397034751648185,18.156199,34.726013,1.3185105338701533e+19,-3.581356e+19,-3.7670928e+17
2005-12-16 12:00:00,0.6895260534473011,0.6894913800327847,0.6893972006643436,7.098694711516047e-06,0.5232989170747537,0.6126940019462568,0.6995576193083212,0.7835069946677383,0.8642330073863163,24.394794311552364,18.246817,34.733723,1.3185106949256862e+19,-3.580334e+19,-3.7669368e+17
2006-01-16 12:00:00,0.689930712773354,0.6898885455205281,0.6897447024781732,7.189164740332288e-06,0.5235532840021174,0.6130463391321094,0.7000052069577768,0.7840466773112579,0.8648612625497866,24.365312868698602,18.431276,34.738,1.3185108587967838e+19,-3.5793572e+19,-3.76629e+17
2006-02-15 00:00:00,0.6906446326768965,0.6905977159929807,0.6904138305739802,7.277080878639838e-06,0.5241511369785287,0.6137147026742599,0.7007421039100388,0.7848498596994623,0.8657282809839317,24.333527303800604,18.569855,34.747105,1.3185112287269276e+19,-3.5784017e+19,-3.7651346e+17
2006-03-16 12:00:00,0.6919625390219817,0.6919121771335593,0.6917392602854742,7.324371383167502e-06,0.5253640412263679,0.6149887341756413,0.702075505615892,0.7862406948229366,0.867174522376401,24.314164881718302,18.590681,34.7507,1.3185119544536308e+19,-3.5772624e+19,-3.7640746e+17
2006-04-16 00:00:00,0.692799907158766,0.6927473445877148,0.6925822905453591,7.308564508344329e-06,0.5261593004412555,0.615804433960301,0.7029110207618516,0.7870953777484825,0.8680477524115201,24.317738660060954,18.52133,34.755096,1.31851243722241e+19,-3.5766515e+19,-3.763122e+17
2006-05-16 12:00:00,0.6925753860284976,0.6925180145370678,0.6923736209585032,7.235993198594552e-06,0.5259922572515441,0.6155986119916426,0.7026674801077806,0.7868153498057511,0.8677326119815172,24.34341725657285,18.423151,34.75923,1.3185123264284684e+19,-3.577046e+19,-3.7629267e+17
2006-06-16 00:00:00,0.6909719481637517,0.6909091340295267,0.6907561742518347,7.162366139968334e-06,0.5245810615341523,0.6140645180792141,0.7010139617625253,0.7850463382147161,0.8658523620371217,24.370119493229282,18.335966,34.749184,1.3185114539495834e+19,-3.578745e+19,-3.763772e+17
2006-07-16 12:00:00,0.689105910737197,0.6890384889290525,0.6888469942602291,7.189469571746137e-06,0.5229468453662695,0.6122824318257473,0.699088209309412,0.7829816687449364,0.8636539079009883,24.355366444015903,18.364431,34.720707,1.31851045255811e+19,-3.580794e+19,-3.7657466e+17
2006-08-16 12:00:00,0.6883693034728344,0.688295758827507,0.6880959215806672,7.292269450942278e-06,0.5223672583222088,0.6116001663975745,0.6983061689789279,0.7821031785466742,0.8626826242899301,24.31089933655097,18.468077,34.695393,1.3185100742966252e+19,-3.5819984e+19,-3.76722e+17
2006-09-16 00:00:00,0.6885393991279357,0.6884632077792118,0.6882616287992657,7.292733118669836e-06,0.5225907571375201,0.6117847206469166,0.6984528558719381,0.782213270246316,0.8627575729408308,24.308592613136483,18.424957,34.688984,1.318510197250961e+19,-3.5821832e+19,-3.7674635e+17
2006-10-16 12:00:00,0.6892143961567023,0.6891333753236019,0.6889456310640385,7.182425049880398e-06,0.5232129614152872,0.6124392842184805,0.6991388465653098,0.7829296393211068,0.8635031989646587,24.35209883036931,18.24963,34.699375,1.3185105811481053e+19,-3.5815837e+19,-3.7675116e+17
2006-11-16 00:00:00,0.6900771473340427,0.689992483702281,0.689814353459573,7.161959169101102e-06,0.5239293825811847,0.6132531223209675,0.7000473492750104,0.7839296474143366,0.8645912337430585,24.362969787565245,18.225666,34.70909,1.3185110213696987e+19,-3.5804033e+19,-3.767128e+17
2006-12-16 12:00:00,0.6904339993287167,0.6903431500071515,0.6901502614319668,7.188672013045732e-06,0.5241346969036352,0.6135639511251576,0.7004607587829685,0.7844422241813174,0.8651991549821224,24.35715973282688,18.33739,34.72463,1.3185111386892184e+19,-3.5794517e+19,-3.7668172e+17
2007-01-16 12:00:00,0.6904312821621136,0.6903341102892854,0.6900987554990071,7.229090052471593e-06,0.5240178876685565,0.6135249743086361,0.7004974636433767,0.7845520961846317,0.865379358915537,24.34707395078633,18.468063,34.740273,1.3185110742004711e+19,-3.5788226e+19,-3.765963e+17
2007-02-15 00:00:00,0.6912259410986902,0.6911238702900943,0.6908756704082528,7.318868390488948e-06,0.5246939802352829,0.614276241220979,0.701321787749563,0.7854470732018269,0.8663423718150127,24.315213529279575,18.60797,34.748093,1.318511482506157e+19,-3.5778337e+19,-3.7650786e+17
2007-03-16 12:00:00,0.6922587162678578,0.6921514907124747,0.691905771758784,7.318890712465047e-06,0.525640798780433,0.6152718771444371,0.7023648405543228,0.7865359996067929,0.8674755568324999,24.314880569344297,18.582998,34.755547,1.318512056783932e+19,-3.576911e+19,-3.7640712e+17
2007-04-16 00:00:00,0.6929581593376004,0.6928470633579465,0.6926010755402905,7.286245510740015e-06,0.5263096358024811,0.6159506854180334,0.7030532958979969,0.7872337933514061,0.8681824328497965,24.325338460724744,18.486303,34.757984,1.3185124753857022e+19,-3.5764283e+19,-3.763229e+17
2007-05-16 12:00:00,0.6925160099783672,0.692400044949358,0.6921388347642513,7.197931801218708e-06,0.5259428652055426,0.6155282070336509,0.7025766555615454,0.7867047738761236,0.8676030079933421,24.35723534732722,18.35111,34.757446,1.318512264975322e+19,-3.5769748e+19,-3.762823e+17
2007-06-16 00:00:00,0.6910115935562309,0.6908882720900356,0.69063365214699,7.153291953073577e-06,0.5246164298646561,0.6140876191322057,0.7010251445060477,0.785045995021121,0.8658409178975164,24.3727663270221,18.30116,34.745632,1.318511443392859e+19,-3.5785827e+19,-3.763584e+17
2007-07-16 12:00:00,0.6892682545302895,0.6891358817491517,0.688870335284682,7.170427217813528e-06,0.5230875602841215,0.6124228859462563,0.6992284071128558,0.7831216120191344,0.8637935962241224,24.36418363819036,18.314634,34.71719,1.3185104994328494e+19,-3.580542e+19,-3.7655332e+17
2007-08-16 12:00:00,0.6882390147238504,0.6881017422494891,0.6878209583506198,7.215724917272473e-06,0.5222294439943471,0.6114530986918852,0.698150119643406,0.7819384413391258,0.8625094988910197,24.34248996638758,18.364439,34.696342,1.318509960631849e+19,-3.5819336e+19,-3.7669213e+17
2007-09-16 00:00:00,0.6883015905752721,0.6881618045545006,0.6878807006282361,7.197477351751709e-06,0.5223474341175482,0.6115305077714543,0.6981880859742554,0.7819382960554667,0.8624727458030439,24.346843200363097,18.30413,34.690796,1.3185100323893527e+19,-3.5821832e+19,-3.7672306e+17
2007-10-16 12:00:00,0.6889498449151302,0.6888066536447742,0.6885317217432696,7.070417847711858e-06,0.5229414991036418,0.6121568891429288,0.6988458552162268,0.7826264043035133,0.8631900672190941,24.396725925709163,18.099451,34.702156,1.31851041527684e+19,-3.581568e+19,-3.7672498e+17
2007-11-16 00:00:00,0.6896242078130704,0.689475806130861,0.6892057014978805,6.979367154598115e-06,0.5234762334692302,0.6127846714751092,0.699564065633022,0.783432014056945,0.8640797160431839,24.436068411127366,17.997086,34.7198,1.3185107630643956e+19,-3.5804954e+19,-3.7670316e+17
2007-12-16 12:00:00,0.6897594750959971,0.6896070643086768,0.6893146503936786,6.977564800753198e-06,0.523480340974433,0.6128789854675175,0.6997460798931381,0.7836987954921375,0.864427957794749,24.441129486625425,18.048159,34.730274,1.318510780689471e+19,-3.5796901e+19,-3.766727e+17
2008-01-16 12:00:00,0.6900751040622464,0.6899171334161184,0.6895941579127861,7.079871806129074e-06,0.5236594998511438,0.6131500626791173,0.7001065300485488,0.7841456586701833,0.8649579219729826,24.40707698019499,18.241388,34.734886,1.3185109022168562e+19,-3.5788046e+19,-3.766241e+17
2008-02-15 12:00:00,0.6908842688887633,0.6907220270360288,0.6903783242455163,7.182318373824113e-06,0.5243435299401314,0.6139133759435595,0.7009468980785573,0.7850605480305263,0.8659445731763349,24.370863860529106,18.400778,34.74356,1.3185113205975538e+19,-3.5777633e+19,-3.76509e+17
2008-03-16 12:00:00,0.6920505993650795,0.6918849822861723,0.6915290243404281,7.247958118223075e-06,0.5254156141039551,0.6150389219041177,0.7021243655722105,0.7862882437885849,0.867220731240942,24.345239244786082,18.454905,34.74882,1.3185119751641174e+19,-3.576735e+19,-3.763895e+17
2008-04-16 00:00:00,0.6928561991909862,0.6926858040838991,0.6923373678325909,7.224400161410458e-06,0.5261819626836897,0.615822743938697,0.7029251223811092,0.7871053888571024,0.8680537566408844,24.351730888009904,18.390938,34.754467,1.3185124343094831e+19,-3.576173e+19,-3.762817e+17
2008-05-16 12:00:00,0.6925456019601908,0.6923678126933447,0.6920445533266012,7.152439165237393e-06,0.5259333361937293,0.6155324687525686,0.702594351640725,0.7867354532315148,0.8676461299724433,24.377883724868862,18.29711,34.75826,1.318512262974127e+19,-3.5766671e+19,-3.7627394e+17
2008-06-16 00:00:00,0.690962010192866,0.6907776243180398,0.6904605657197888,7.099568957997668e-06,0.5245272674956206,0.6140150494088544,0.7009687362785396,0.7850052039173211,0.8658150895995129,24.39698718205837,18.2437,34.74756,1.3185113847598522e+19,-3.5783228e+19,-3.7636256e+17
2008-07-16 12:00:00,0.6894172845078631,0.6892258141650595,0.6889079095268796,7.169166011334562e-06,0.5231900871875773,0.6125476701001059,0.6993748512927566,0.7832889963465409,0.8639810930596769,24.36576300553862,18.328224,34.71785,1.318510543227482e+19,-3.580168e+19,-3.7656115e+17
2008-08-16 12:00:00,0.6887020729172334,0.6885039185107061,0.6881885407197514,7.249725901070736e-06,0.5226260514930791,0.6118857141620438,0.6986177401965291,0.7824399005940518,0.8630435023761212,24.329457452123584,18.42453,34.69932,1.318510178312246e+19,-3.5813447e+19,-3.76704e+17
2008-09-16 00:00:00,0.6889678877761404,0.6887647045571779,0.6884502865876109,7.236106913277488e-06,0.5229369843337791,0.6121620624078514,0.6988604612296355,0.7826501320349509,0.8632225523055057,24.33047578694674,18.37071,34.693798,1.3185103645163817e+19,-3.5814764e+19,-3.7675405e+17
2008-10-16 12:00:00,0.6897977059388506,0.6895899037775857,0.6892703150940315,7.1380385736128564e-06,0.5236991997859871,0.6129631083824202,0.6996992212629157,0.7835253575041067,0.8641329165759245,24.36763178493345,18.203642,34.70282,1.3185108435359373e+19,-3.5807259e+19,-3.7674608e+17
2008-11-16 00:00:00,0.6904675968064019,0.6902572012373029,0.6899335908106276,7.0511180578254115e-06,0.524237950464485,0.6135872116358523,0.7004062707844068,0.7843125809738283,0.8649972489844251,24.40423256403551,18.109669,34.721626,1.3185112023609184e+19,-3.5796844e+19,-3.7671715e+17
2008-12-16 12:00:00,0.6907272933967764,0.6905125269885983,0.6901959106978763,7.062545891139324e-06,0.5243488142495321,0.6138019922815623,0.7007220695612151,0.7847260183205268,0.8655045302286716,24.405026061809618,18.191969,34.73376,1.3185112830742067e+19,-3.5787676e+19,-3.766951e+17
2009-01-16 12:00:00,0.6911550786768954,0.6909331471731897,0.690599896986537,7.168886287457234e-06,0.5246236425723018,0.6141801200479297,0.7012006183957052,0.7853016487821546,0.8661735136193148,24.370532574590154,18.385439,34.735737,1.3185114418589714e+19,-3.5777833e+19,-3.766485e+17
2009-02-15 00:00:00,0.6918370237685694,0.6916107377236816,0.691252176564864,7.2544079398217935e-06,0.5251908291399454,0.614818921564147,0.7019090217737365,0.7860773637283035,0.8670140411118681,24.340709430604733,18.510246,34.741257,1.3185117794981548e+19,-3.5768666e+19,-3.7654006e+17
2009-03-16 12:00:00,0.6931768869984839,0.6929473687662311,0.6925885683626789,7.315183073115463e-06,0.5264141955565201,0.6161111099826272,0.7032680575729315,0.7875010609540953,0.8685000978107293,24.314841287147374,18.556147,34.74463,1.3185125163624905e+19,-3.5756826e+19,-3.7643182e+17
2009-04-16 00:00:00,0.6940541991633846,0.6938206864264402,0.6934622424655139,7.293077100352546e-06,0.527242993710837,0.616963564172715,0.7041434513198804,0.7883986445291333,0.8694191413237367,24.32104909299303,18.49316,34.752296,1.3185130129669392e+19,-3.575038e+19,-3.7631847e+17
2009-05-16 12:00:00,0.6938343743279239,0.6935951930854184,0.69324568851012,7.2359083667801755e-06,0.5270838000632844,0.6167616564601934,0.7039000041404844,0.7881150244124489,0.8690968764894984,24.34111855885096,18.416533,34.75737,1.3185129034046118e+19,-3.575468e+19,-3.7629607e+17
2009-06-16 00:00:00,0.6926749559332859,0.6924281281783548,0.692099561621247,7.217191043702911e-06,0.526076354881102,0.615658762691095,0.7027043546998487,0.7868296767406929,0.8677251520463986,24.34576091193027,18.422813,34.75289,1.3185122604803942e+19,-3.5768272e+19,-3.7637345e+17
2009-07-16 12:00:00,0.6910586064267863,0.690803728830856,0.6904788555200599,7.253516020554659e-06,0.5246735171225282,0.6141217526529326,0.7010369816661524,0.7850362518417083,0.8658103433354275,24.327540838672306,18.460064,34.726883,1.3185113773895565e+19,-3.5787472e+19,-3.7657184e+17
2009-08-16 12:00:00,0.6902192476248626,0.6899567725140925,0.6896207819479152,7.3191243739304955e-06,0.5239922081509564,0.6133362400272521,0.7001502186843619,0.7840516123805233,0.8647315251962483,24.29762335952935,18.51703,34.701168,1.3185109439177929e+19,-3.5800125e+19,-3.7673907e+17
2009-09-16 00:00:00,0.6904050613262398,0.6901361068157508,0.6898076940492173,7.28447419702057e-06,0.5242266572477985,0.6135350632728029,0.7003144088102101,0.7841823385241088,0.8648301190053201,24.307815702270414,18.436972,34.697968,1.3185110739980472e+19,-3.5802146e+19,-3.7679325e+17
2009-10-16 12:00:00,0.6912752691597422,0.6910030883397291,0.6906697981985493,7.216374233894704e-06,0.5250316241668981,0.6143797584225277,0.7011976835665998,0.7851029071599198,0.8657866147972995,24.334967891937897,18.31479,34.70605,1.3185115778062897e+19,-3.5794647e+19,-3.76804e+17
2009-11-16 00:00:00,0.6918847403411951,0.6916060571649576,0.6912723024122568,7.1610957473026795e-06,0.5255217088586395,0.6149511058249107,0.7018480019644208,0.7858295536094174,0.8665866639160996,24.360890527093535,18.256958,34.72209,1.3185118722253914e+19,-3.5785625e+19,-3.7677233e+17
2009-12-16 12:00:00,0.6922934724726404,0.6920066340803686,0.6916658977150831,7.202509400661538e-06,0.5257859210629323,0.6153157541239698,0.7023102863508696,0.7863862223955832,0.8672340837073376,24.349431677803903,18.3945,34.739285,1.3185120243215868e+19,-3.5776556e+19,-3.767493e+17
2010-01-16 12:00:00,0.6924116953330645,0.6921181902001139,0.6917741211087711,7.267159908053686e-06,0.5257737743109694,0.6153950891183437,0.7024785608152148,0.7866404782978998,0.8675710025089156,24.3303586741747,18.560658,34.75167,1.3185119944452123e+19,-3.5769391e+19,-3.766661e+17
2010-02-15 00:00:00,0.6929516397633471,0.6926522024494569,0.692306876311785,7.361787799914233e-06,0.5262084901851315,0.6158990147735192,0.70304975585169,0.7872767267453883,0.8682698742395746,24.29548515053291,18.70771,34.755993,1.3185122371475016e+19,-3.5761737e+19,-3.7657617e+17
2010-03-16 12:00:00,0.6939353851625698,0.6936324401708764,0.6932861147588882,7.400574787794251e-06,0.527114752224964,0.6168489583961656,0.7040421107156497,0.7883101041901128,0.8693428347562225,24.279964892831583,18.713022,34.761417,1.3185127828118958e+19,-3.575333e+19,-3.764702e+17
2010-04-16 00:00:00,0.6946429045789408,0.6943382005202301,0.6939855753373765,7.379328218435579e-06,0.5277978542038955,0.6175376673676671,0.7047362105097179,0.7890094164097003,0.870047254573478,24.285685045015214,18.62193,34.76365,1.3185132218345914e+19,-3.574866e+19,-3.763871e+17
2010-05-16 12:00:00,0.694086577328065,0.6937792737425518,0.6934197974167172,7.272795128050572e-06,0.5273158910483666,0.617002356735945,0.7041490351599373,0.7883720743900012,0.86936160960942,24.32462076879538,18.473957,34.764324,1.3185129558802774e+19,-3.575459e+19,-3.7636812e+17
2010-06-16 00:00:00,0.6924779899952626,0.6921690187044527,0.6917980435318605,7.186788835022713e-06,0.5258756482123238,0.6154536787253554,0.7024949952741608,0.7866161361761078,0.8675075014743807,24.355568707854264,18.387537,34.754814,1.3185121074263648e+19,-3.577001e+19,-3.7645055e+17
2010-07-16 12:00:00,0.690538252082316,0.6902273235027309,0.689806001627674,7.196215259784758e-06,0.5241528066166434,0.6135922462964198,0.7004989244557266,0.7844898783532239,0.865255847486459,24.347836141502878,18.388561,34.72326,1.3185110789032628e+19,-3.5789737e+19,-3.766424e+17
2010-08-16 12:00:00,0.6894436723312555,0.6891332452458346,0.6886689024105532,7.248830416270016e-06,0.5232236514188826,0.612554592457457,0.6993558541942279,0.7832448996085889,0.8639127871454042,24.32230175638785,18.450655,34.701122,1.3185105296711879e+19,-3.5802843e+19,-3.767805e+17
2010-09-16 00:00:00,0.6894904099973824,0.6891767126580243,0.6886996927123517,7.210707257018363e-06,0.5233140541745747,0.6126125430594508,0.6993822627891871,0.78324082669773,0.8638794260219267,24.333831135529138,18.374533,34.69484,1.3185105963092765e+19,-3.5804822e+19,-3.768371e+17
2010-10-16 12:00:00,0.6902256240414341,0.6899089210618323,0.6894148491337688,7.083071459095086e-06,0.5239754027396855,0.6133172622593263,0.700129116749631,0.7840284161982515,0.8647062412328714,24.383583407705345,18.166138,34.704372,1.3185110311295998e+19,-3.579726e+19,-3.768368e+17
2010-11-16 00:00:00,0.6908267819973101,0.6905050304461055,0.690017103797395,7.002180676302205e-06,0.5244504472489695,0.6138773228847076,0.7007717982137268,0.7847509511522096,0.8655055608150554,24.419242207056463,18.080648,34.722282,1.3185113346552314e+19,-3.5787672e+19,-3.7680868e+17
2010-12-16 12:00:00,0.6910691186605578,0.6907414007699088,0.690283878118063,7.016153713618244e-06,0.524536656980564,0.6140734391067454,0.7010747602477432,0.7851571928332259,0.8660110799698124,24.419541615897547,18.169947,34.7346,1.3185113868094155e+19,-3.5778493e+19,-3.7676243e+17
2011-01-16 12:00:00,0.6914169061565286,0.6910815479674721,0.6906164705123595,7.104482360264234e-06,0.5247283165850926,0.6143701969214119,0.7014736976017591,0.7856549184746765,0.8666038004495069,24.392238541002456,18.33719,34.737724,1.3185115061093642e+19,-3.5768857e+19,-3.7670354e+17
2011-02-15 00:00:00,0.6922980177599221,0.6919569893427333,0.6914677404715233,7.230996792951043e-06,0.5254789921274393,0.6152020383984039,0.702384427585686,0.7866419503406902,0.8676643195832654,24.345896282410962,18.51021,34.73983,1.3185119440220252e+19,-3.5758137e+19,-3.76596e+17
2011-03-16 12:00:00,0.6934353348966443,0.6930901659769815,0.6925983030890347,7.283452036227565e-06,0.5265238408214507,0.6162997327993477,0.7035334481015194,0.7878406283343463,0.8689109162007924,24.325166192051405,18.540836,34.74419,1.3185125592420768e+19,-3.57483e+19,-3.764645e+17
2011-04-16 00:00:00,0.6941232003475988,0.6937735099315304,0.6932615751337073,7.263145180610367e-06,0.5271846146683647,0.6169685377835548,0.7042100138136212,0.7885247104893807,0.8696023325524618,24.330506772525833,18.456573,34.745163,1.3185129614935366e+19,-3.5743898e+19,-3.763746e+17
2011-05-16 12:00:00,0.6936936657134763,0.6933420345948399,0.6928331205050405,7.1947795332504e-06,0.5268179198460107,0.6165590740009341,0.7037589641813147,0.7880334387404629,0.8690723451048874,24.35506075500651,18.366577,34.749756,1.3185127376113256e+19,-3.5748978e+19,-3.7634785e+17
2011-06-16 00:00:00,0.6921445252449817,0.691787265633237,0.691288508228479,7.131890728365002e-06,0.5254409445566595,0.6150742655876178,0.7021693742699018,0.7863425118366578,0.8672837952780369,24.37859228965864,18.299314,34.742043,1.3185118896381635e+19,-3.5765145e+19,-3.7644845e+17
2011-07-16 12:00:00,0.6903462792863337,0.6899815672236221,0.6894932860451319,7.145927518269368e-06,0.5238520880045722,0.6133553085607282,0.7003240173548313,0.7843749246473177,0.8651984660102805,24.370217635311942,18.317186,34.715687,1.3185109043564155e+19,-3.5784956e+19,-3.766666e+17
2011-08-16 12:00:00,0.6895356447827782,0.6891625145768341,0.6886799831377329,7.2226559895305796e-06,0.5231923691080359,0.6125961529051893,0.699468249147207,0.7834257684784616,0.8641594541701688,24.335506448576655,18.398409,34.690186,1.3185104840602018e+19,-3.5797218e+19,-3.768339e+17
2011-09-16 00:00:00,0.6896912769284042,0.6893112165586263,0.6888207229629936,7.191404994772858e-06,0.5233847086233162,0.6127587110875792,0.6996018629549264,0.783531419902221,0.8642382578722884,24.346393342558578,18.312538,34.683586,1.3185106017063057e+19,-3.5798583e+19,-3.768845e+17
2011-10-16 12:00:00,0.6905999754237269,0.6902144881452544,0.6897090529134381,7.1035616364141816e-06,0.5242182256897534,0.6136342767136845,0.7005182692764829,0.7844873144935822,0.8652322028003482,24.380397735157043,18.157516,34.691868,1.318511130913764e+19,-3.5790278e+19,-3.768704e+17
2011-11-16 00:00:00,0.6914743970458843,0.6910845115609037,0.6905741648239077,7.044536203018912e-06,0.5249551988595348,0.614460371484878,0.701430970224185,0.7854837367181795,0.8663091755150537,24.405373374288033,18.091097,34.70497,1.3185115935283139e+19,-3.5778926e+19,-3.7683937e+17
2011-12-16 12:00:00,0.6916328824469972,0.6912394649567947,0.6907067640388025,7.018487345452951e-06,0.5249920378804138,0.6145805650440218,0.7016321995586493,0.7857632901418127,0.8666639992499398,24.420890356957177,18.120533,34.723312,1.3185116349528424e+19,-3.5771291e+19,-3.7681112e+17
2012-01-16 12:00:00,0.692219415679789,0.6918215250239548,0.6912567660820937,7.124798900037707e-06,0.5254240509148806,0.6151163760808985,0.7022689189722437,0.7864975722270205,0.8674921209164218,24.38575477010581,18.325333,34.73004,1.3185119116784163e+19,-3.576017e+19,-3.767811e+17
2012-02-15 12:00:00,0.6932672766232926,0.6928643211903914,0.692280276152893,7.260866006341051e-06,0.5263277340598413,0.6161117532457588,0.7033534105225883,0.7876682479167243,0.8687457934154222,24.335697952488875,18.524618,34.734596,1.3185124532607373e+19,-3.5747834e+19,-3.766902e+17
2012-03-16 12:00:00,0.6944383406729007,0.694030614064324,0.6934215839564579,7.291270273969772e-06,0.5274123261110132,0.6172440784463548,0.7045320858054447,0.78889176448205,0.8700125940870045,24.3239235573557,18.531025,34.743603,1.3185131060978665e+19,-3.5737954e+19,-3.765664e+17
2012-04-16 00:00:00,0.695086963848543,0.6946769632964328,0.694058817471967,7.27810406329265e-06,0.5280513951319461,0.6178804279669712,0.7051657409607283,0.7895228237384263,0.8706412582571554,24.326504662985364,18.453236,34.74454,1.3185134940208642e+19,-3.5734207e+19,-3.7647137e+17
2012-05-16 12:00:00,0.6948128903382645,0.6943982832958799,0.6937860530485193,7.228144482170232e-06,0.5278472502392924,0.6176271833188667,0.7048647532935277,0.7891756682037228,0.8702496922568536,24.343904547893295,18.383617,34.746815,1.3185133575335516e+19,-3.5739076e+19,-3.7645643e+17
2012-06-16 00:00:00,0.6932734225642136,0.6928529071725986,0.6922305929156763,7.149364606693491e-06,0.5264838652964272,0.6161533278728505,0.7032835548056026,0.7874906551370887,0.8684646690240736,24.373222443741813,18.313822,34.74241,1.3185125229763586e+19,-3.5755203e+19,-3.7657002e+17
2012-07-16 12:00:00,0.691753513362594,0.6913279849917618,0.6906863595938489,7.202118237929997e-06,0.5251658107708801,0.6147090903057059,0.7017167140202903,0.7858052623960936,0.866665111194065,24.348843090661862,18.392496,34.715828,1.318511705426945e+19,-3.5772952e+19,-3.767696e+17
2012-08-16 12:00:00,0.6910603303748967,0.6906324822576736,0.689983806475511,7.2835606563282045e-06,0.5246176243423453,0.6140673234715631,0.7009840052368472,0.7849846382788358,0.8657599047350963,24.31262985561171,18.501143,34.70031,1.3185113563345934e+19,-3.5783828e+19,-3.76892e+17
2012-09-16 00:00:00,0.6912137697148554,0.6907824413251155,0.6901308161331231,7.262537359784986e-06,0.5248142714480455,0.6142311728781591,0.7011159654742921,0.7850857803316936,0.8658314492392901,24.317329634418044,18.429796,34.69414,1.318511476008162e+19,-3.5785468e+19,-3.7693186e+17
2012-10-16 12:00:00,0.6920130918051635,0.691578302259795,0.6909278364331788,7.175899905669479e-06,0.525551381356227,0.615005418899376,0.7019262744134939,0.7859309493589536,0.8667101972520401,24.350158530166933,18.269417,34.69925,1.3185119351612133e+19,-3.5778405e+19,-3.7694165e+17
2012-11-16 00:00:00,0.6927885347151637,0.6923478138905895,0.691714326598486,7.133464811285261e-06,0.5261920939384763,0.6157362467341418,0.7027446700592823,0.7868339853354536,0.8676946462567365,24.36940872244251,18.229286,34.714695,1.3185123286692588e+19,-3.5767832e+19,-3.769087e+17
2012-12-16 12:00:00,0.6933467200644506,0.692899210151485,0.6922567644783707,7.1510932145233564e-06,0.5265884091411157,0.616242440954839,0.7033576745201847,0.7875502393204343,0.8685101764105747,24.366542368270057,18.304066,34.72179,1.3185125785333412e+19,-3.5756864e+19,-3.769103e+17
2013-01-16 12:00:00,0.6935289513761592,0.693074488600888,0.692390696325237,7.196701704391382e-06,0.526638394648653,0.6163830464863901,0.7035863858419243,0.7878641193028096,0.8689059196372311,24.354486241239123,18.451197,34.730656,1.3185126195437324e+19,-3.5748995e+19,-3.7689293e+17
2013-02-15 00:00:00,0.6943189654329308,0.6938595056122353,0.6931405005214267,7.3031592209509144e-06,0.5272978843200008,0.6171250933148063,0.704408668167124,0.7887639931092486,0.8698804976332116,24.315500181979306,18.613976,34.73905,1.3185130179832234e+19,-3.5738414e+19,-3.7678717e+17
2013-03-16 12:00:00,0.6954039091880571,0.6949411803172899,0.6942026350514141,7.35096055288381e-06,0.5282942298532877,0.6181694658046958,0.705499679612928,0.7899001225826014,0.8710601654129767,24.297585061928178,18.62888,34.745426,1.3185136315874351e+19,-3.5728536e+19,-3.7666087e+17
2013-04-16 00:00:00,0.6962480480593762,0.6957820904194141,0.6950355149480077,7.328780004572935e-06,0.529098570629711,0.6189885573330236,0.7063330504488154,0.7907473080985653,0.871920754123632,24.3042861937087,18.543726,34.749004,1.3185141292733907e+19,-3.5722368e+19,-3.7655088e+17
2013-05-16 12:00:00,0.6958008496148813,0.6953310155617118,0.6945911984945626,7.208678626992088e-06,0.5287158347232729,0.6185600988740942,0.7058601353747244,0.790231394920052,0.8713634543428204,24.349345442507676,18.40248,34.758553,1.3185139080643668e+19,-3.5727456e+19,-3.765019e+17
2013-06-16 00:00:00,0.6941036815869462,0.6936263109395323,0.6928765117814113,7.119415931350232e-06,0.5271952102429552,0.6169257490371713,0.7041152822336032,0.7883796750830127,0.8694087884079207,24.38186254434183,18.324072,34.755196,1.3185129818448675e+19,-3.5744356e+19,-3.7654487e+17
2013-07-16 12:00:00,0.6926228664724096,0.6921401775352816,0.6913746671202908,7.188827936005087e-06,0.5259062860972573,0.6155152322539321,0.702586627446835,0.786736790328482,0.8676559038974473,24.350303655053764,18.425402,34.730286,1.3185121833956985e+19,-3.5761482e+19,-3.767194e+17
2013-08-16 12:00:00,0.6919326167820137,0.6914444622612026,0.6906652273210645,7.278600507630973e-06,0.52535350756837,0.6148715655860193,0.7018546395166831,0.7859194230283645,0.8667563936821228,24.310625186232503,18.530169,34.709583,1.318511832454198e+19,-3.5772136e+19,-3.768276e+17
2013-09-16 00:00:00,0.6921871531049194,0.6916933278260495,0.6909102896250235,7.272451172232432e-06,0.5256537567052316,0.6151373174215653,0.7020868538196612,0.7861192352057336,0.8669251049291335,24.31083106785825,18.468056,34.702515,1.3185120024680729e+19,-3.5773539e+19,-3.7686383e+17
2013-10-16 12:00:00,0.6929329407009992,0.692434232519532,0.6916643376902429,7.164381991939565e-06,0.5263346140676464,0.615857630035274,0.7028454895911994,0.7869149192609326,0.8677564710991887,24.353367357489308,18.283964,34.709846,1.318512423375791e+19,-3.5766662e+19,-3.768471e+17
2013-11-16 00:00:00,0.6936570898106416,0.6931541116586942,0.6923764443584701,7.111040696800584e-06,0.5269273330806105,0.6165374550089584,0.7036099614501765,0.7877612113115896,0.8686814662083798,24.377732623782542,18.229307,34.726707,1.3185127908045971e+19,-3.5756221e+19,-3.7679855e+17
2013-12-16 12:00:00,0.6940575829712158,0.6935498395063872,0.6927634862566859,7.139536515129628e-06,0.5271718760641488,0.6168913862220733,0.7040702281638298,0.7883242634365792,0.8693433300789472,24.372600374855143,18.337706,34.73809,1.3185129395907942e+19,-3.5746289e+19,-3.767932e+17
2014-01-16 12:00:00,0.6943677020465309,0.6938515904787068,0.6930306657540167,7.225983280266021e-06,0.5273425961137365,0.6171564270365574,0.7044269787225889,0.7887696832610042,0.8698740104131735,24.345898495564512,18.507326,34.73902,1.3185130439303926e+19,-3.5737695e+19,-3.7677216e+17
2014-02-15 00:00:00,0.6951220491668658,0.6946019352989493,0.6937509457066053,7.327109864493571e-06,0.5279910000698748,0.6178707951531998,0.7052054623628853,0.7896101807615291,0.8707742333025401,24.31130154953888,18.623539,34.737534,1.3185134299274811e+19,-3.5728635e+19,-3.7670852e+17
2014-03-16 12:00:00,0.6961325380726622,0.6956093447366549,0.6947323708848627,7.388203747293525e-06,0.5289327796268243,0.6188494024128303,0.7062198337142536,0.7906591656729036,0.871856658585857,24.28704871169441,18.647131,34.73844,1.3185139911647566e+19,-3.5720296e+19,-3.7660067e+17
2014-04-16 00:00:00,0.6968930669953283,0.6963653512427618,0.6954815265719452,7.372130457136974e-06,0.5296564207708332,0.6195895610663614,0.7069759915798338,0.7914308006365541,0.8726432901755508,24.289721861368168,18.599588,34.748837,1.318514420054743e+19,-3.5714908e+19,-3.7647058e+17
2014-05-16 12:00:00,0.6964790237162589,0.6959456814273297,0.6950751312133507,7.305649459702667e-06,0.5293071262366942,0.6191944310606436,0.7065362885124439,0.790947986945605,0.8721189899055461,24.31208085577185,18.520319,34.75507,1.318514204659482e+19,-3.5720228e+19,-3.7641588e+17
2014-06-16 00:00:00,0.6949276978919227,0.6943879010751256,0.6935208104878409,7.247225063311446e-06,0.5279228984511769,0.6177028163131552,0.7049403305159211,0.7892511209689776,0.8703249196559618,24.331799240575283,18.478762,34.748566,1.318513363230219e+19,-3.5735973e+19,-3.7649917e+17
2014-07-16 12:00:00,0.6932099332466914,0.6926666018714541,0.6917846356454141,7.2606259488165144e-06,0.5264142232592012,0.61606025127555,0.7031676791059172,0.7873526810358022,0.8683053355224355,24.32336482076676,18.505413,34.724983,1.3185124548757817e+19,-3.5754728e+19,-3.7668554e+17
2014-08-16 12:00:00,0.692548778691633,0.6920005313518032,0.6911087488565145,7.36054909962e-06,0.5258897917864691,0.6154452607485817,0.7024646903228552,0.7865646273698543,0.8674354426606158,24.27982762129099,18.615147,34.700325,1.3185121210020624e+19,-3.5765281e+19,-3.768183e+17
2014-09-16 00:00:00,0.6929819946102637,0.6924275739687497,0.6915437694344689,7.366855079632016e-06,0.5263536054213075,0.6158848307327116,0.7028806769139447,0.7869578320288136,0.8678068111350548,24.275398602782452,18.576254,34.692978,1.3185123829554805e+19,-3.5765235e+19,-3.7684912e+17
2014-10-16 12:00:00,0.6938482556646107,0.6932901816113561,0.6924069748838954,7.270822302534119e-06,0.5271571950368609,0.6167250138584065,0.7037563985868928,0.7878679174375375,0.8687500201191861,24.313055272067743,18.388844,34.697968,1.318512885294215e+19,-3.5757882e+19,-3.768458e+17
2014-11-16 00:00:00,0.6945834330884122,0.6940215981772949,0.6931342536046784,7.198452405720111e-06,0.5277604398283712,0.6174154320510773,0.7045315395320517,0.7887249616670146,0.8696858563655123,24.345147221320413,18.296143,34.711754,1.3185132650641433e+19,-3.5747425e+19,-3.7681703e+17
2014-12-16 12:00:00,0.6948848423560849,0.6943188913002436,0.6934087835805194,7.2141662524660344e-06,0.5279135339840275,0.6176714235552474,0.7048875665364646,0.7891776897431277,0.8702315453106919,24.343935144242515,18.380299,34.724094,1.3185133658460078e+19,-3.573807e+19,-3.7679618e+17
2015-01-16 12:00:00,0.6952842184854063,0.6947154921782467,0.6937694932306818,7.301754434850992e-06,0.5281660175286895,0.6180253349270318,0.7053400892171623,0.7897255510835337,0.8708710860655775,24.315910039332667,18.557194,34.72879,1.3185135220073255e+19,-3.572821e+19,-3.767731e+17
2015-02-15 00:00:00,0.6961532764805946,0.6955810420524492,0.6946345464844379,7.393649059336797e-06,0.528909808626802,0.6188505879396599,0.7062445145659434,0.7907065448886388,0.8719258099056677,24.284419598014516,18.697298,34.735046,1.3185139542384531e+19,-3.5717904e+19,-3.767113e+17
2015-03-16 12:00:00,0.6971780930825235,0.696601502182527,0.695651719077054,7.4274294701281355e-06,0.5298520663354409,0.6198404602816434,0.7072806361077133,0.7917874134869739,0.8730498572149396,24.270793658075156,18.72055,34.74403,1.3185145173890472e+19,-3.570909e+19,-3.7661173e+17
2015-04-16 00:00:00,0.6980418468645745,0.6974630366394166,0.6964974157672131,7.443743623541517e-06,0.5306855969071306,0.6206839139381364,0.7081336822985572,0.7926497515634218,0.8739212608944441,24.26144895063874,18.690273,34.74775,1.3185150226002637e+19,-3.5703463e+19,-3.7651453e+17
2015-05-16 12:00:00,0.697425856729609,0.6968446364319875,0.6958587215391077,7.385011149859286e-06,0.530157886281626,0.6200937753900896,0.7074828549979739,0.7919402353236508,0.8731552597595902,24.2835713357648,18.592308,34.748585,1.318514710294755e+19,-3.5710466e+19,-3.7647945e+17
2015-06-16 00:00:00,0.6958369617615783,0.69525184509681,0.6942453311627718,7.33916795969124e-06,0.5287415351151853,0.6185658325445756,0.705846486765723,0.7901990187465127,0.8713130555912189,24.298726931245426,18.539564,34.736183,1.3185138482226842e+19,-3.5726548e+19,-3.7655827e+17
2015-07-16 12:00:00,0.6942900456986478,0.6937024842224997,0.6926632968909789,7.3882233803774205e-06,0.5274045401205801,0.6170947896713261,0.7042452000050324,0.7884717950312669,0.8694645629708673,24.27597992673888,18.595123,34.70814,1.3185130338634449e+19,-3.5744622e+19,-3.767651e+17
2015-08-16 12:00:00,0.6936310808378724,0.6930388027823481,0.6919993550833573,7.498856712150119e-06,0.5268930096494309,0.6164888360063022,0.7035474901339654,0.787685384790923,0.8685928136634299,24.227721334375037,18.715565,34.680557,1.3185126956146805e+19,-3.5755958e+19,-3.7693557e+17
2015-09-16 00:00:00,0.6940711482177058,0.6934764173395045,0.6924419836738978,7.5138408443984234e-06,0.5273607158461399,0.6169375323539719,0.7039776894920305,0.7880977148264718,0.8689880219579161,24.219142122557447,18.704931,34.675255,1.3185129655490712e+19,-3.5755645e+19,-3.7701415e+17
2015-10-16 12:00:00,0.6949214056196726,0.694324062403824,0.6932839487396542,7.4238448888064975e-06,0.528151159145368,0.6177646771540822,0.7048404795534072,0.7889949672116876,0.8699184805395839,24.254289890804227,18.554272,34.68621,1.3185134556021969e+19,-3.5748389e+19,-3.7703096e+17
2015-11-16 00:00:00,0.6956925110967298,0.6950943456130417,0.6940315076761927,7.3905645299566335e-06,0.5287987520646347,0.6184929873814178,0.7056472242922854,0.7898775301607309,0.8708739877782238,24.268474765144845,18.514473,34.699413,1.3185138622231003e+19,-3.5737824e+19,-3.7697866e+17
2015-12-16 12:00:00,0.6960543842693262,0.6954509447593892,0.6943685493783917,7.4197485458942894e-06,0.5290193182436451,0.6188129390465112,0.7060637957216681,0.7903875045295857,0.8714737651640002,24.26145569249708,18.630007,34.714375,1.3185139972675555e+19,-3.5728738e+19,-3.7695396e+17
2016-01-16 12:00:00,0.696485244450093,0.6958765582139562,0.6947808707319636,7.508269836968852e-06,0.5293144275422645,0.6192044342579783,0.7065490005111501,0.7909633129445722,0.8721367098756647,24.231716407083393,18.825506,34.72406,1.3185141653832874e+19,-3.5719755e+19,-3.769434e+17
2016-02-15 12:00:00,0.6969166548851407,0.6963031347463811,0.6952093312896682,7.5537072243970595e-06,0.5296515413636615,0.6196054048891217,0.7070120330327394,0.791486354588864,0.8727175049568631,24.21903292704929,18.92091,34.740284,1.3185143571827474e+19,-3.571289e+19,-3.7684823e+17
2016-03-16 12:00:00,0.6978337497133745,0.6972169464507251,0.6961169902199027,7.595217450650236e-06,0.5305075248782699,0.6204933786864159,0.7079310530784366,0.7924354118337256,0.8736955843585933,24.20288659754823,18.931046,34.74841,1.318514883555279e+19,-3.5705602e+19,-3.767358e+17
2016-04-16 00:00:00,0.698414729430329,0.6977947548156905,0.6966926519526465,7.531679231341661e-06,0.5310708334843525,0.6210578794442488,0.7084966633813969,0.7930021001970889,0.8742633988202221,24.2266789712618,18.794048,34.75124,1.318515247860295e+19,-3.5701668e+19,-3.766338e+17
2016-05-16 12:00:00,0.6979271568184029,0.6973037356815969,0.6961956969974283,7.420836682348184e-06,0.5306488299510727,0.6205890087999958,0.7079822329791502,0.7924436060178661,0.8736624814255072,24.268106303346816,18.640722,34.749985,1.3185150145622053e+19,-3.5706882e+19,-3.766244e+17
2016-06-16 00:00:00,0.6964844799275829,0.6958574382847214,0.6947502737420791,7.342577019171004e-06,0.5293558601432585,0.6192003244926522,0.7065005443935204,0.790871968918434,0.8720041856305428,24.29486246481017,18.584888,34.742863,1.3185142457423247e+19,-3.572091e+19,-3.76692e+17
2016-07-16 12:00:00,0.6949426110462413,0.6943116483102708,0.693187166774135,7.359920003655458e-06,0.5280028718224429,0.6177279010291556,0.7049120766875121,0.7891712889761706,0.8701954347674933,24.283662693065505,18.627295,34.71835,1.3185134202660231e+19,-3.5737813e+19,-3.7684833e+17
2016-08-16 12:00:00,0.6942394724557306,0.6936025122013292,0.6924936718188275,7.407914730644053e-06,0.5274351586445727,0.6170724329962552,0.7041713430439804,0.7883481352706986,0.8692929827393232,24.260268485210887,18.6877,34.700996,1.3185130531148861e+19,-3.5748762e+19,-3.769791e+17
2016-09-16 00:00:00,0.6943844461766371,0.6937464807800873,0.6926336757025514,7.382001993690149e-06,0.5276293141903567,0.6172322378307785,0.7042977509026953,0.7884422672091266,0.8693561132155918,24.266498462508117,18.618309,34.69488,1.3185131752292755e+19,-3.5750627e+19,-3.7703693e+17
2016-10-16 12:00:00,0.6952331992596295,0.6945920359815191,0.6934793198292627,7.2811706090742165e-06,0.5284039455272642,0.618054311213039,0.7051659123218734,0.7893549861979122,0.870311741254444,24.30538654764514,18.450712,34.70173,1.3185136609460595e+19,-3.5743023e+19,-3.7707215e+17
2016-11-16 00:00:00,0.695849969026844,0.6952052340065072,0.6940878823390929,7.207874046007091e-06,0.5288959497588653,0.6186300649621017,0.7058230694148542,0.7900908320478495,0.8711232610684432,24.337328125638127,18.335133,34.70867,1.3185139822469736e+19,-3.5733646e+19,-3.770943e+17
2016-12-16 12:00:00,0.6963797237110343,0.6957303659460323,0.6945886971167736,7.2525032498191535e-06,0.5292574817090187,0.6191076598817424,0.7064134927572716,0.7907903211666206,0.8719276065302799,24.32511997836195,18.453777,34.71406,1.3185142135525753e+19,-3.572249e+19,-3.7711215e+17
2017-01-16 12:00:00,0.6968628210521198,0.6962080490973311,0.6950446942399002,7.362793432245228e-06,0.5295832962170987,0.619541435226161,0.7069522176546206,0.7914305064348817,0.8726653626817259,24.287346009544592,18.694992,34.723114,1.3185144057813088e+19,-3.5712204e+19,-3.77063e+17
2017-02-15 00:00:00,0.6976303320392492,0.6969709365310236,0.6957946946021007,7.462336167022233e-06,0.5302274899492262,0.6202646215846184,0.7077521665326005,0.792304682592591,0.8736110022103218,24.25277134069128,18.85482,34.73477,1.318514789037203e+19,-3.5702374e+19,-3.769488e+17
2017-03-16 12:00:00,0.6988879177489542,0.6982251795117346,0.6970475864980616,7.497532404400715e-06,0.5313799347535385,0.6214767889284079,0.7090223374156074,0.7936309641309197,0.8749914147484982,24.23912262986634,18.853542,34.74165,1.3185154870727993e+19,-3.5691302e+19,-3.7682215e+17
2017-04-16 00:00:00,0.6996501638395206,0.6989861623034614,0.6978042597990027,7.468149271328468e-06,0.5321109388844135,0.6222195274512434,0.7097764365582236,0.7943960614479301,0.8757671998521538,24.248840561629255,18.747177,34.74459,1.3185159466645844e+19,-3.5686075e+19,-3.7675453e+17
2017-05-16 12:00:00,0.6990615402993878,0.6983956297892931,0.697210440841808,7.363789216249975e-06,0.5315998481059022,0.6216553414055788,0.7091606313386082,0.7937303295544875,0.8750534001385389,24.28870458231797,18.590313,34.748173,1.3185156440073103e+19,-3.5692518e+19,-3.7673134e+17
2017-06-16 00:00:00,0.6974842467506375,0.6968156597414454,0.695607172572431,7.286352323927179e-06,0.5301991630420586,0.6201401928770848,0.7075342553105196,0.7919963855892692,0.8732158442722955,24.317435598880024,18.50116,34.741375,1.3185148031589204e+19,-3.5708531e+19,-3.7680556e+17
2017-07-16 12:00:00,0.6957441913670178,0.6950723168384076,0.6938398791335532,7.332760045919314e-06,0.5286759382718648,0.6184781390497709,0.7057373128642097,0.7900690163281291,0.8711628806816607,24.293971334863418,18.55732,34.711353,1.3185138674000083e+19,-3.572781e+19,-3.7696756e+17
2017-08-16 12:00:00,0.6946634062403659,0.6939891491328932,0.6927587482175703,7.395129936948417e-06,0.52776252731826,0.6174560086347416,0.7046095434410232,0.788839123591667,0.8698347091415409,24.264503372695238,18.634254,34.69095,1.3185133014120546e+19,-3.5741772e+19,-3.7709644e+17
2017-09-16 00:00:00,0.6945258079805514,0.6938492837510537,0.692627966997039,7.320591649450416e-06,0.5276753910803504,0.6173347386314095,0.7044550958958794,0.7886526054714476,0.8696173533956614,24.2922281582548,18.511398,34.689903,1.3185132541148232e+19,-3.5745075e+19,-3.771377e+17
2017-10-16 12:00:00,0.6949434407246036,0.6942658703007665,0.6930392201946369,7.184617002816212e-06,0.5280381372303196,0.6177315569543532,0.7048850155909373,0.7891145150749448,0.8701100359995317,24.344430002568785,18.301918,34.698566,1.318513502955357e+19,-3.5739823e+19,-3.7713256e+17
2017-11-16 00:00:00,0.695724448293387,0.6950423993365453,0.6938283397310205,7.13143198873449e-06,0.528667582047942,0.6184630535484243,0.7057156974427868,0.7900410696167698,0.8711287892430616,24.368710781813736,18.237724,34.707676,1.3185138999162286e+19,-3.5728221e+19,-3.7714565e+17
2017-12-16 06:00:00,0.6959511920731086,0.6952669674038039,0.6940397143438971,7.140112428328751e-06,0.5287398892723916,0.6186451808414234,0.7060045998231788,0.7904331787502422,0.8716200787798559,24.372613951785016,18.294436,34.71012,1.3185139636711887e+19,-3.5718768e+19,-3.7718183e+17
